2014,2,17,0,0,0,0,0,-8.07,42.22,1.81,270.9
2014,2,17,0,5,0,0,0,-8.18,42.54,2.643,260
2014,2,17,0,10,0,0,0,-8.59,43.08,3.056,248.8
2014,2,17,0,15,0,0,0,-9.03,44.53,3.379,256.8
2014,2,17,0,20,0,0,0,-9.2,45.17,2.777,263.1
2014,2,17,0,25,0,0,0,-9.33,45.24,2.726,266
2014,2,17,0,30,0.016,0,0.016,-9.44,45.22,2.372,269.8
2014,2,17,0,35,0.205,0,0.205,-9.52,44.9,2.327,273
2014,2,17,0,40,0.648,0,0.648,-9.62,44.3,2.412,275.1
2014,2,17,0,45,1.194,0.543,1.192,-9.71,43.99,2.311,276.3
2014,2,17,0,50,1.061,68.13,0.261,-9.74,44.24,1.706,291.4
2014,2,17,0,55,2.998,99.4,0.441,-9.78,44.47,1.892,298.7
2014,2,17,1,0,7.42,165.7,0.852,-9.81,44.48,1.797,303
2014,2,17,1,5,13.32,222.2,1.383,-9.88,44.19,1.799,307.7
2014,2,17,1,10,18.59,246.1,1.861,-9.86,44.02,1.456,319
2014,2,17,1,15,24,262.4,2.364,-9.8,43.97,1.41,321.4
2014,2,17,1,20,28.78,267.9,2.812,-9.71,43.65,1.301,323.3
2014,2,17,1,25,38.44,311.7,3.697,-9.69,43.26,1.773,332.8
2014,2,17,1,30,43.78,315,4.254,-9.56,43.13,1.288,340.1
2014,2,17,1,35,37.59,242.4,3.771,-9.38,42.76,1.661,343.7
2014,2,17,1,40,36.14,210.7,3.666,-9.21,42.48,1.517,352
2014,2,17,1,45,40.77,218.3,4.069,-9.06,42.14,1.871,344.3
2014,2,17,1,50,47.07,233.1,4.598,-8.95,41.79,1.788,346.2
2014,2,17,1,55,60.11,277.7,5.681,-8.81,41.62,1.544,322.7
2014,2,17,2,0,69.74,302.3,6.439,-8.63,41.36,1.711,301
2014,2,17,2,5,74.79,304.9,6.813,-8.53,41.23,1.805,307.6
2014,2,17,2,10,87,335.5,7.724,-8.47,41.36,2.183,331.5
2014,2,17,2,15,101,369.8,8.72,-8.48,41.4,1.988,340.8
2014,2,17,2,20,132.8,464.7,10.77,-8.4,41.06,2.329,311
2014,2,17,2,25,168.9,567.4,12.79,-8.23,40.71,2.295,313.4
2014,2,17,2,30,195.4,630.4,14.07,-8.12,40.3,2.582,312.4
2014,2,17,2,35,212.4,659,14.82,-7.888,40.14,2.316,309
2014,2,17,2,40,210.5,626.9,14.74,-7.766,39.36,2.737,303.8
2014,2,17,2,45,248.4,716.2,16.2,-7.664,39.01,2.678,302.1
2014,2,17,2,50,258.4,720.3,16.55,-7.476,38.53,2.833,302.6
2014,2,17,2,55,254.8,686.6,16.44,-7.474,38.39,2.422,300.6
2014,2,17,3,0,249.9,651.6,16.28,-7.369,37.97,3.485,293
2014,2,17,3,5,218.6,550.7,15.11,-7.441,38.13,3.032,281.1
2014,2,17,3,10,204.2,498.6,14.52,-7.376,37.99,3.416,276.3
2014,2,17,3,15,204.7,486.5,14.56,-7.341,37.82,3.624,282.2
2014,2,17,3,20,196.2,453.8,14.18,-7.536,38.17,4.034,275.1
2014,2,17,3,25,183.2,412.3,13.59,-7.657,38.5,4.047,270.9
2014,2,17,3,30,183.7,404,13.61,-7.606,38.59,3.688,280.2
2014,2,17,3,35,185,397.8,13.68,-7.701,38.76,3.922,277.9
2014,2,17,3,40,294.1,628.2,17.55,-7.547,38.52,3.632,285.6
2014,2,17,3,45,367,774.4,19.44,-7.301,38.15,4.092,272
2014,2,17,3,50,392.8,815,19.92,-7.288,38.29,3.698,277.9
2014,2,17,3,55,446.3,913,20.83,-7.075,37.99,3.738,277.4
2014,2,17,4,0,457.9,922,21.01,-6.876,37.48,3.823,292
2014,2,17,4,5,430.6,851,20.58,-7.029,37.65,3.541,275.6
2014,2,17,4,10,450.9,878,20.88,-6.721,37.43,4.529,275.6
2014,2,17,4,15,481.3,926,21.36,-6.94,37.79,3.645,271.2
2014,2,17,4,20,483.1,917,21.38,-6.899,37.86,3.45,261.4
2014,2,17,4,25,415,774.1,20.3,-6.649,37.48,3.701,275.5
2014,2,17,4,30,336.1,614.4,18.77,-6.876,37.84,3.197,285.9
2014,2,17,4,35,328,592.2,18.59,-6.79,37.77,2.271,276.1
2014,2,17,4,40,322.5,576,18.38,-6.704,37.42,3.048,278.2
2014,2,17,4,45,234.3,409.6,15.81,-6.591,37.15,3.528,283.7
2014,2,17,4,50,256,444.5,16.59,-6.863,37.78,3.53,274.7
2014,2,17,4,55,323.9,562.2,18.31,-6.632,37.69,3.445,269.7
2014,2,17,5,0,386.8,670.4,19.65,-6.716,37.55,3.592,269.3
2014,2,17,5,5,471.2,815,21.15,-6.532,37.85,2.934,267.2
2014,2,17,5,10,556.7,962,22.38,-6.136,36.88,2.974,270.2
2014,2,17,5,15,535.2,918,22.09,-6.144,36.56,3.315,264.1
2014,2,17,5,20,537.2,917,22.08,-6.139,36.67,3.064,254.9
2014,2,17,5,25,457.7,773.6,20.82,-6.232,36.74,2.374,250.7
2014,2,17,5,30,477.7,805,21.22,-6.004,36.45,2.811,254.6
2014,2,17,5,35,594.8,1005,22.89,-5.78,35.84,3.032,257
2014,2,17,5,40,607,1023,23.05,-5.703,35.65,2.524,255.3
2014,2,17,5,45,534.9,896,22.1,-5.811,35.68,4.183,267.2
2014,2,17,5,50,575.9,965,22.65,-5.958,36.11,2.809,274.7
2014,2,17,5,55,566.4,947,22.52,-5.621,35.5,2.26,268.8
2014,2,17,6,0,566.8,947,22.53,-5.319,34.78,3.072,269.3
2014,2,17,6,5,563.6,942,22.49,-5.471,34.63,2.641,244.7
2014,2,17,6,10,559.2,935,22.43,-5.097,34.23,3.142,257.8
2014,2,17,6,15,555.2,929,22.38,-5.508,34.66,2.734,238.1
2014,2,17,6,20,558.3,936,22.42,-5.095,34.44,2.633,254.5
2014,2,17,6,25,557.1,936,22.41,-5.091,34.19,3.602,263.9
2014,2,17,6,30,556,937,22.39,-5.287,34.54,2.835,240.4
2014,2,17,6,35,553.7,936,22.36,-5.151,34.47,2.26,270.3
2014,2,17,6,40,549.8,933,22.31,-4.716,33.63,2.385,274.6
2014,2,17,6,45,548.5,935,22.29,-4.754,33.27,2.489,281.1
2014,2,17,6,50,546.1,936,22.26,-4.808,33.48,3.341,272.3
2014,2,17,6,55,541.7,934,22.2,-4.848,33.64,2.353,249.2
2014,2,17,7,0,535.1,928,22.12,-4.526,33.3,2.457,271.1
2014,2,17,7,5,529.5,925,22.04,-4.326,33.04,1.461,248.6
2014,2,17,7,10,521.9,918,21.94,-3.83,31.77,1.617,269.4
2014,2,17,7,15,519.4,922,21.91,-4.216,32.7,0.952,252.1
2014,2,17,7,20,515.7,924,21.86,-3.382,31.25,1.581,277.1
2014,2,17,7,25,509.9,922,21.78,-3.713,31.32,2.91,257.3
2014,2,17,7,30,498.8,911,21.62,-4.041,32.3,2.108,277
2014,2,17,7,35,480.5,887,21.37,-3.87,32,3.126,269.9
2014,2,17,7,40,485.5,907,21.44,-3.831,31.88,2.731,269.8
2014,2,17,7,45,479.8,908,21.36,-3.696,31.95,1.922,226.2
2014,2,17,7,50,471,903,21.23,-3.225,30.81,1.625,251.1
2014,2,17,7,55,461.8,898,21.1,-3.285,31.09,2.231,227.5
2014,2,17,8,0,454.8,897,20.99,-3.824,31.71,2.343,256.5
2014,2,17,8,5,443.9,889,20.82,-3.747,31.92,2.798,240.3
2014,2,17,8,10,438.1,892,20.73,-3.777,32.04,1.7,233.1
2014,2,17,8,15,430.5,892,20.61,-3.188,31.1,2.023,254.4
2014,2,17,8,20,422.6,892,20.47,-3.464,31.78,1.919,281.7
2014,2,17,8,25,410.8,884,20.27,-3.469,31.52,3.355,274.3
2014,2,17,8,30,402.7,884,20.13,-3.479,31.6,2.292,274.7
2014,2,17,8,35,392.5,880,19.94,-3.285,31.43,2.108,257
2014,2,17,8,40,377.2,865,19.65,-3.619,31.9,3.237,263.6
2014,2,17,8,45,368.1,864,19.46,-3.737,32.46,1.574,266.4
2014,2,17,8,50,350,842,19.08,-3.153,31.52,1.724,229.7
2014,2,17,8,55,350.3,865,19.09,-2.955,31.43,0.534,212.7
2014,2,17,9,0,338.3,859,18.82,-2.371,30.05,0.596,84.6
2014,2,17,9,5,327.2,855,18.55,-2.69,30.39,1.71,256
2014,2,17,9,10,313.7,845,18.21,-3.056,31.24,1.962,260.9
2014,2,17,9,15,310.3,864,18.11,-3.38,31.81,2.675,257.1
2014,2,17,9,20,294.2,846,17.67,-3.216,31.84,2.38,250.5
2014,2,17,9,25,273,813,17.04,-3.308,31.73,2.91,242.8
2014,2,17,9,30,261.8,810,16.68,-3.516,32.55,2.305,224.8
2014,2,17,9,35,249.9,805,16.27,-3.103,31.66,2.092,217.7
2014,2,17,9,40,234.9,788.8,15.72,-2.925,31.31,1.114,214.4
2014,2,17,9,45,223.4,785.2,15.28,-3.084,31.43,2.14,238.9
2014,2,17,9,50,213.3,786.8,14.85,-3.367,32.08,2.38,254.9
2014,2,17,9,55,193.5,750.1,13.98,-3.428,32.34,2.023,247.9
2014,2,17,10,0,179.1,734.4,13.32,-3.27,32.02,1.368,198.2
2014,2,17,10,5,178.9,779.4,13.35,-3.318,31.8,2.678,248
2014,2,17,10,10,169,784.9,12.9,-3.557,32.43,2.084,222.2
2014,2,17,10,15,146.8,729.3,11.76,-3.531,32.25,2.225,238
2014,2,17,10,20,129.6,693.5,10.81,-3.933,33.11,2.508,249.8
2014,2,17,10,25,115.5,671.2,9.99,-3.866,33.15,2.675,234.6
2014,2,17,10,30,102.3,651.4,9.05,-4.014,33.41,2.079,242.7
2014,2,17,10,35,89.5,632.2,8.01,-4.063,33.45,1.924,241.6
2014,2,17,10,40,76.25,605.3,6.853,-4.238,33.55,2.513,244.9
2014,2,17,10,45,63.14,572,5.796,-4.361,33.96,2.465,245.2
2014,2,17,10,50,51.67,546.1,4.842,-4.469,34.24,2.369,248.1
2014,2,17,10,55,40.97,519,3.931,-4.548,34.38,2.113,237.7
2014,2,17,11,0,30.17,476.8,3.014,-4.634,34.34,2.113,253.9
2014,2,17,11,5,20.3,423.9,2.217,-4.767,34.62,2.321,259.2
2014,2,17,11,10,11.61,350.7,1.571,-4.809,34.58,1.719,277.4
2014,2,17,11,15,4.846,256.6,1.033,-5.057,34.96,1.237,289.2
2014,2,17,11,20,5.175,44.09,4.887,-5.314,35.58,0.369,304.8
2014,2,17,11,25,3.506,0,3.506,-5.619,36.05,0.005,334.3
2014,2,17,11,30,2.131,0,2.131,-5.876,36.66,0,0
2014,2,17,11,35,0.918,0,0.918,-6.079,37.24,0,0
2014,2,17,11,40,0.164,0,0.164,-6.318,37.61,0,0
2014,2,17,11,45,0,0,0,-6.504,38.16,0,0
2014,2,17,11,50,0,0,0,-6.363,37.97,0.011,32.3
2014,2,17,11,55,0,0,0,-6.403,37.77,0.022,55.82
2014,2,17,12,0,0,0,0,-6.498,37.78,0.416,45.76
2014,2,17,12,5,0,0,0,-6.564,37.59,0.452,43.83
2014,2,17,12,10,0,0,0,-6.702,37.65,0.651,44.13
2014,2,17,12,15,0,0,0,-6.808,37.97,0.624,40.75
2014,2,17,12,20,0,0,0,-6.896,38.23,0.424,54.29
2014,2,17,12,25,0,0,0,-7.022,38.57,0.123,55.34
2014,2,17,12,30,0,0,0,-7.181,38.85,0.252,71.05
2014,2,17,12,35,0,0,0,-7.436,38.87,1.157,73.44
2014,2,17,12,40,0,0,0,-7.532,39.03,1.536,76.43
2014,2,17,12,45,0,0,0,-7.605,39.18,1.786,76.57
2014,2,17,12,50,0,0,0,-7.751,39.2,2.084,77.28
2014,2,17,12,55,0,0,0,-8.1,39.73,2.366,77.74
2014,2,17,13,0,0,0,0,-8.13,40.28,2.249,78.91
2014,2,17,13,5,0,0,0,-8.22,40.19,2.425,79.65
2014,2,17,13,10,0,0,0,-8.28,40.42,2.388,75.95
2014,2,17,13,15,0,0,0,-8.33,40.53,1.967,80.4
2014,2,17,13,20,0,0,0,-8.32,40.66,2.58,78.68
2014,2,17,13,25,0,0,0,-8.45,40.87,2.665,78.39
2014,2,17,13,30,0,0,0,-8.32,41.01,2.271,76.3
2014,2,17,13,35,0,0,0,-8.35,41.05,1.759,70.96
2014,2,17,13,40,0,0,0,-8.54,41.7,1.94,75.66
2014,2,17,13,45,0,0,0,-8.55,41.92,2.012,74.26
2014,2,17,13,50,0,0,0,-8.77,42.23,2.204,73.45
2014,2,17,13,55,0,0,0,-8.89,42.96,2.486,74.35
2014,2,17,14,0,0,0,0,-8.84,43.48,2.558,74.79
2014,2,17,14,5,0,0,0,-8.93,43.97,3.054,72.86
2014,2,17,14,10,0,0,0,-8.8,44.17,2.731,72.92
2014,2,17,14,15,0,0,0,-8.86,44.36,2.896,75.67
2014,2,17,14,20,0,0,0,-8.93,44.74,2.859,72.34
2014,2,17,14,25,0,0,0,-8.99,44.96,2.359,69.7
2014,2,17,14,30,0,0,0,-9.22,45.37,2.414,69.75
2014,2,17,14,35,0,0,0,-9.16,45.5,2.627,69.45
2014,2,17,14,40,0,0,0,-9.25,45.59,2.934,69.79
2014,2,17,14,45,0,0,0,-9.34,45.75,2.481,68.4
2014,2,17,14,50,0,0,0,-9.4,45.82,2.771,65.79
2014,2,17,14,55,0,0,0,-9.53,45.96,2.633,66.64
2014,2,17,15,0,0,0,0,-9.47,46.02,2.979,65.94
2014,2,17,15,5,0,0,0,-9.39,45.71,3.144,66.98
2014,2,17,15,10,0,0,0,-9.33,45.61,3.07,64.79
2014,2,17,15,15,0,0,0,-9.4,45.38,2.907,66.47
2014,2,17,15,20,0,0,0,-9.42,45.52,2.337,57.78
2014,2,17,15,25,0,0,0,-9.53,45.77,2.625,58.49
2014,2,17,15,30,0,0,0,-9.66,45.53,1.972,51.44
2014,2,17,15,35,0,0,0,-10.14,46.66,1.922,60.02
2014,2,17,15,40,0,0,0,-10.19,46.99,2.031,56.68
2014,2,17,15,45,0,0,0,-10.27,47.26,1.924,55.09
2014,2,17,15,50,0,0,0,-10.39,47.39,1.908,53.71
2014,2,17,15,55,0,0,0,-10.55,47.85,2.01,54.22
2014,2,17,16,0,0,0,0,-10.49,47.83,2.468,59.75
2014,2,17,16,5,0,0,0,-10.49,47.53,2.39,60.35
2014,2,17,16,10,0,0,0,-10.53,47.48,2.417,59.22
2014,2,17,16,15,0,0,0,-10.53,47.41,2.542,58.1
2014,2,17,16,20,0,0,0,-10.47,47.11,2.566,59.14
2014,2,17,16,25,0,0,0,-10.59,47.26,2.279,61.99
2014,2,17,16,30,0,0,0,-10.63,47.4,2.406,64.82
2014,2,17,16,35,0,0,0,-10.68,47.52,2.257,67.36
2014,2,17,16,40,0,0,0,-10.71,47.61,2.087,63.62
2014,2,17,16,45,0,0,0,-10.75,47.77,1.879,60.73
2014,2,17,16,50,0,0,0,-10.77,47.9,1.855,60.2
2014,2,17,16,55,0,0,0,-10.75,47.96,2.337,57.81
2014,2,17,17,0,0,0,0,-10.79,47.99,2.462,58.71
2014,2,17,17,5,0,0,0,-10.9,48.36,2.151,56.71
2014,2,17,17,10,0,0,0,-10.85,48.44,2.404,59.74
2014,2,17,17,15,0,0,0,-10.93,48.54,2.305,63.57
2014,2,17,17,20,0,0,0,-10.92,48.77,2.401,64.94
2014,2,17,17,25,0,0,0,-10.95,48.78,2.492,66.11
2014,2,17,17,30,0,0,0,-10.94,48.91,2.585,67.82
2014,2,17,17,35,0,0,0,-10.94,49.05,2.481,64.98
2014,2,17,17,40,0,0,0,-10.95,49.08,2.614,66.88
2014,2,17,17,45,0,0,0,-11.04,49.45,2.486,64.26
2014,2,17,17,50,0,0,0,-11.03,49.6,2.271,64.54
2014,2,17,17,55,0,0,0,-11.03,49.68,2.345,65.32
2014,2,17,18,0,0,0,0,-11.05,49.77,2.502,66.54
2014,2,17,18,5,0,0,0,-10.99,49.69,2.537,68.57
2014,2,17,18,10,0,0,0,-10.98,49.58,2.183,71.73
2014,2,17,18,15,0,0,0,-11.04,49.73,2.215,68.11
2014,2,17,18,20,0,0,0,-11.08,49.81,2.167,69.59
2014,2,17,18,25,0,0,0,-11.16,50.12,2.433,70.87
2014,2,17,18,30,0,0,0,-11.04,49.94,2.505,72.89
2014,2,17,18,35,0,0,0,-11.01,49.78,2.593,70
2014,2,17,18,40,0,0,0,-11.07,49.85,2.281,70.2
2014,2,17,18,45,0,0,0,-11.13,50.08,2.199,66.82
2014,2,17,18,50,0,0,0,-11.19,50.22,1.986,66.6
2014,2,17,18,55,0,0,0,-11.3,50.51,1.868,69.08
2014,2,17,19,0,0,0,0,-11.28,50.57,2.156,70.61
2014,2,17,19,5,0,0,0,-11.39,50.63,2.196,70.18
2014,2,17,19,10,0,0,0,-11.44,50.99,2.116,74.15
2014,2,17,19,15,0,0,0,-11.39,50.84,2.143,69.03
2014,2,17,19,20,0,0,0,-11.44,50.83,1.999,67.21
2014,2,17,19,25,0,0,0,-11.59,51.17,1.786,65.53
2014,2,17,19,30,0,0,0,-11.66,51.4,2.004,66.5
2014,2,17,19,35,0,0,0,-11.69,51.51,2.105,67.04
2014,2,17,19,40,0,0,0,-11.65,51.45,2.223,66.76
2014,2,17,19,45,0,0,0,-11.64,51.33,2.212,65.34
2014,2,17,19,50,0,0,0,-11.69,51.34,2.311,68.95
2014,2,17,19,55,0,0,0,-11.78,51.55,2.169,70.56
2014,2,17,20,0,0,0,0,-11.79,51.55,1.591,63.64
2014,2,17,20,5,0,0,0,-11.95,52.06,1.224,71.26
2014,2,17,20,10,0,0,0,-11.82,51.8,1.866,61.79
2014,2,17,20,15,0,0,0,-12.1,52.41,1.773,56.78
2014,2,17,20,20,0,0,0,-12.1,52.7,1.743,58.01
2014,2,17,20,25,0,0,0,-12.18,52.74,1.717,57.56
2014,2,17,20,30,0,0,0,-12.24,53.1,1.868,56.76
2014,2,17,20,35,0,0,0,-12.46,53.36,2.05,53.53
2014,2,17,20,40,0,0,0,-12.54,53.94,1.903,58.91
2014,2,17,20,45,0.008,0,0.008,-12.42,53.76,2.401,60.81
2014,2,17,20,50,0,0,0,-12.5,53.77,2.42,55.67
2014,2,17,20,55,0,0,0,-12.7,53.91,1.895,51.99
2014,2,17,21,0,0,0,0,-12.89,54.75,1.714,58.66
2014,2,17,21,5,0,0,0,-12.94,55.16,1.887,64.26
2014,2,17,21,10,0,0,0,-12.76,54.87,2.558,65.51
2014,2,17,21,15,0,0,0,-12.7,54.45,2.329,65.53
2014,2,17,21,20,0,0,0,-12.64,54.42,2.46,66.46
2014,2,17,21,25,0,0,0,-12.69,54.39,2.508,66.64
2014,2,17,21,30,0,0,0,-12.7,54.46,2.313,69.13
2014,2,17,21,35,0,0,0,-12.88,54.76,1.727,69.26
2014,2,17,21,40,0,0,0,-12.91,55.23,1.975,69.33
2014,2,17,21,45,0,0,0,-12.8,55.04,2.521,70.96
2014,2,17,21,50,0,0,0,-12.83,55.02,2.249,75.12
2014,2,17,21,55,0,0,0,-12.91,55.35,1.852,70.74
2014,2,17,22,0,0,0,0,-12.87,55.31,1.437,67.31
2014,2,17,22,5,0.008,0,0.008,-12.79,55.1,2.103,68.94
2014,2,17,22,10,0,0,0,-12.47,54.18,2.846,71.66
2014,2,17,22,15,0,0,0,-12.3,53.26,2.217,76.39
2014,2,17,22,20,0,0,0,-12.1,52.41,3.086,76.12
2014,2,17,22,25,0,0,0,-12.14,52.03,2.723,77.17
2014,2,17,22,30,0,0,0,-12.16,51.91,2.691,77.38
2014,2,17,22,35,0,0,0,-12.2,51.67,2.737,75.56
2014,2,17,22,40,0,0,0,-12.14,50.99,3.048,78.84
2014,2,17,22,45,0,0,0,-12.2,50.86,2.918,82.2
2014,2,17,22,50,0,0,0,-12.34,50.9,1.898,84.4
2014,2,17,22,55,0,0,0,-12.46,51.46,1.719,84.2
2014,2,17,23,0,0,0,0,-12.48,51.88,1.701,78.65
2014,2,17,23,5,0,0,0,-12.15,51.48,1.741,70.52
2014,2,17,23,10,0,0,0,-12.18,50.65,2.116,83.2
2014,2,17,23,15,0,0,0,-12.25,51.11,2.191,78.48
2014,2,17,23,20,0,0,0,-11.87,50.55,2.204,83.1
2014,2,17,23,25,0,0,0,-11.97,49.56,2.151,95
2014,2,17,23,30,0,0,0,-11.98,50.3,2.414,79.74
2014,2,17,23,35,0,0,0,-11.06,47.57,3.128,69.54
2014,2,17,23,40,0,0,0,-11.06,45.74,2.827,70.66
2014,2,17,23,45,0,0,0,-11.04,45.35,2.699,70.12
2014,2,17,23,50,0,0,0,-11.35,46.06,2.529,68.54
2014,2,17,23,55,0,0,0,-11.07,44.75,2.018,68.09
2014,2,18,0,0,0,0,0,-11.56,45.38,1.296,57.4
2014,2,18,0,5,0,0,0,-12.21,47.29,1.472,52.16
2014,2,18,0,10,0,0,0,-12.07,47.56,1.9,65.51
2014,2,18,0,15,0.008,0,0.008,-11.81,46.08,1.797,61.58
2014,2,18,0,20,0.008,0,0.008,-11.81,45.35,1.647,60.9
2014,2,18,0,25,0.255,0,0.255,-12.03,45.83,1.594,60.38
2014,2,18,0,30,0.813,0,0.813,-11.83,45.68,2.236,67.21
2014,2,18,0,35,1.79,0,1.79,-11.96,45.23,2.46,77.78
2014,2,18,0,40,3.061,0,3.061,-12.75,47.04,2.02,80.5
2014,2,18,0,45,3.304,51,2.974,-13.15,49.15,1.946,79.48
2014,2,18,0,50,3.8,191.5,0.779,-13.21,50.3,2.1,64.82
2014,2,18,0,55,9.99,291.4,1.318,-12.73,49.25,2.58,62.18
2014,2,18,1,0,18.85,384.7,2.037,-12.64,49.12,2.942,72.75
2014,2,18,1,5,29.04,450.7,2.886,-11.97,47.42,3.147,63.78
2014,2,18,1,10,41.17,513.5,3.924,-12.13,47.37,2.516,56.62
2014,2,18,1,15,55.59,579.8,5.139,-12.44,48.07,2.164,56.75
2014,2,18,1,20,71.16,638,6.397,-12.29,48.36,3.046,56.51
2014,2,18,1,25,88.2,694.1,7.713,-12.06,47.97,2.505,58.84
2014,2,18,1,30,102.1,716,8.88,-11.81,47.98,2.268,65.16
2014,2,18,1,35,115.4,729.9,9.91,-11.4,47.38,2.638,70.28
2014,2,18,1,40,128.7,742.9,10.78,-11.18,47.03,2.886,71.65
2014,2,18,1,45,143.5,763.7,11.59,-10.91,47.25,3.219,73.46
2014,2,18,1,50,156.1,770.7,12.23,-10.41,46.59,2.718,73.91
2014,2,18,1,55,169.5,781.4,12.88,-9.97,45.86,2.271,79.43
2014,2,18,2,0,184.7,798.9,13.58,-9.47,44.2,2.409,75.4
2014,2,18,2,5,199,812,14.21,-9.07,41.92,2.51,74.52
2014,2,18,2,10,213.8,826,14.84,-8.61,39.53,2.289,75.46
2014,2,18,2,15,226.3,830,15.35,-8.18,36.8,2.436,72.62
2014,2,18,2,20,238.2,833,15.81,-7.583,34.22,2.369,75.17
2014,2,18,2,25,251.5,840,16.29,-7.066,33,2.007,75.63
2014,2,18,2,30,264.2,846,16.73,-6.67,32.1,1.794,74.36
2014,2,18,2,35,277.3,854,17.15,-6.179,31.17,1.488,73.09
2014,2,18,2,40,289.9,859,17.53,-5.656,30.2,1.021,71.44
2014,2,18,2,45,297.5,850,17.76,-5.191,29.11,0.756,77.21
2014,2,18,2,50,308.5,853,18.06,-5.286,30.89,1.365,164.5
2014,2,18,2,55,323.6,866,18.45,-5.328,32.46,0.808,115.1
2014,2,18,3,0,333.1,865,18.68,-4.896,31.83,1.488,167.4
2014,2,18,3,5,346.8,875,19,-5.023,32.99,1.175,121
2014,2,18,3,10,359.9,884,19.28,-4.984,32.55,1.314,114.6
2014,2,18,3,15,371.5,889,19.53,-4.312,31.24,1.413,153.5
2014,2,18,3,20,382.7,893,19.75,-4.247,31.83,1.469,153.6
2014,2,18,3,25,393.7,898,19.96,-3.952,30.96,1.552,134.1
2014,2,18,3,30,403.6,900,20.14,-3.412,29.22,0.793,133.4
2014,2,18,3,35,414.3,904,20.33,-2.726,27.7,1.056,177
2014,2,18,3,40,425.9,911,20.53,-2.806,27.54,0.895,209.9
2014,2,18,3,45,435.2,913,20.68,-3.06,27.82,1.424,195.2
2014,2,18,3,50,445.1,917,20.84,-2.852,27.39,1.402,182.8
2014,2,18,3,55,455.3,922,21,-2.608,27.53,2.036,178.8
2014,2,18,4,0,464.7,926,21.14,-2.427,27.56,1.983,162.9
2014,2,18,4,5,474.3,931,21.28,-2.439,26.91,2.183,152
2014,2,18,4,10,482.2,932,21.39,-2.544,27.01,2.494,160.4
2014,2,18,4,15,489.5,933,21.5,-2.481,26.87,2.489,157.5
2014,2,18,4,20,497.4,936,21.61,-2.124,26.2,2.097,171
2014,2,18,4,25,504.7,937,21.71,-2.041,25.77,2.295,156.4
2014,2,18,4,30,513.8,943,21.84,-1.979,25.56,2.209,160.7
2014,2,18,4,35,521.8,947,21.95,-1.718,24.97,2.204,149.3
2014,2,18,4,40,530,953,22.06,-1.66,25.04,1.954,155.5
2014,2,18,4,45,535.7,954,22.14,-1.565,25.06,1.613,195.9
2014,2,18,4,50,541.9,956,22.22,-1.797,24.97,1.996,226.3
2014,2,18,4,55,547.1,957,22.29,-1.97,25.41,1.804,218.5
2014,2,18,5,0,554.3,962,22.38,-1.657,24.96,1.255,216.3
2014,2,18,5,5,561,967,22.48,-1.156,24.28,1.438,168.2
2014,2,18,5,10,564.8,967,22.53,-0.98,24.06,2.082,116.1
2014,2,18,5,15,551.2,938,22.35,-0.818,23.74,1.376,176.7
2014,2,18,5,20,574.8,974,22.66,-0.816,23.73,1.078,168.6
2014,2,18,5,25,567.3,956,22.57,-0.507,23.19,0.823,242.1
2014,2,18,5,30,568.9,955,22.58,-1.103,23.91,2.566,271.4
2014,2,18,5,35,582.9,975,22.77,-1.006,24.02,0.9,295.5
2014,2,18,5,40,575.6,960,22.67,-0.865,23.85,0.975,294.1
2014,2,18,5,45,552.2,918,22.37,-0.639,23.85,1.312,159.2
2014,2,18,5,50,559.9,929,22.48,0.141,22.96,0.562,271.5
2014,2,18,5,55,576.8,957,22.69,-0.374,23.2,1.556,311.4
2014,2,18,6,0,566,938,22.55,-0.415,23.66,0.755,14.48
2014,2,18,6,5,573.9,951,22.66,-0.013,23.32,1.471,286.7
2014,2,18,6,10,559.3,927,22.46,-0.394,23.85,2.465,265.9
2014,2,18,6,15,532.1,881,22.11,-0.429,23.98,1.953,245.1
2014,2,18,6,20,509.7,845,21.81,-0.395,24.14,2.59,245.2
2014,2,18,6,25,486.2,806,21.48,-0.315,24.31,2.556,280.6
2014,2,18,6,30,479.3,768.4,37.77,0.022,23.62,2.494,295.1
2014,2,18,6,35,485.8,811,21.48,0.069,23.44,2.947,274.9
2014,2,18,6,40,528,887,22.05,-0.06,23.5,3.347,253.9
2014,2,18,6,45,532.2,869,38.91,-0.228,23.82,2.627,231.7
2014,2,18,6,50,454.6,767.8,20.98,-0.093,23.7,3.245,269.4
2014,2,18,6,55,498.8,850,21.63,-0.193,23.88,3.309,264.7
2014,2,18,7,0,552.1,950,22.36,-0.059,23.83,3.179,243
2014,2,18,7,5,442.6,761.9,20.83,0.184,23.4,1.882,241.7
2014,2,18,7,10,337.5,580.2,18.87,0.042,22.97,3.072,281.7
2014,2,18,7,15,364.4,634,19.34,-0.106,23.17,3.432,255.3
2014,2,18,7,20,461.1,816,21.11,-0.047,22.88,2.502,274.4
2014,2,18,7,25,499.2,894,21.65,0.045,22.49,3.312,263.7
2014,2,18,7,30,518.6,940,21.91,0.275,22.35,2.779,229.5
2014,2,18,7,35,539.2,989,22.19,0.351,21.83,2.926,238.9
2014,2,18,7,40,536.3,996,22.15,0.492,21.89,3.365,250.2
2014,2,18,7,45,527.7,992,22.03,0.493,21.75,3.12,265.2
2014,2,18,7,50,507.9,967,21.76,0.522,21.29,2.121,268.7
2014,2,18,7,55,494.7,954,21.58,0.758,20.63,1.252,284.5
2014,2,18,8,0,483.4,946,21.43,1.234,20.48,2.285,276.1
2014,2,18,8,5,468.2,930,21.2,0.628,20.89,1.488,258.7
2014,2,18,8,10,462.3,934,21.12,1.682,19.81,1.346,218.3
2014,2,18,8,15,426.7,875,20.54,1.398,18.25,2.534,277.9
2014,2,18,8,20,409.8,855,20.28,0.823,18.85,2.233,281.2
2014,2,18,8,25,417.8,890,20.42,1.202,19.11,2.452,279.9
2014,2,18,8,30,410.1,891,20.28,1.081,19.51,2.529,272.5
2014,2,18,8,35,405.9,901,20.21,1.171,19.5,1.739,257
2014,2,18,8,40,393.2,893,19.98,1.416,19.27,1.674,253.7
2014,2,18,8,45,381.7,887,19.76,1.699,19.15,2.572,273.7
2014,2,18,8,50,372.5,887,19.58,1.248,19.68,2.308,272.6
2014,2,18,8,55,361,882,19.34,1.737,19.41,1.149,225.4
2014,2,18,9,0,350.1,879,19.12,2.683,18.19,0.861,281.4
2014,2,18,9,5,338.3,874,18.85,2.25,18.49,1.964,271.8
2014,2,18,9,10,317,844,18.08,1.745,19.23,1.171,262.9
2014,2,18,9,15,303.7,834,17.68,1.806,19.06,1.876,269
2014,2,18,9,20,306,870,17.83,1.426,19.4,3.024,264
2014,2,18,9,25,155.8,457,9.46,1.246,19.62,3.059,257.5
2014,2,18,9,30,0.924,2.691,0.099,1.322,19.57,3.035,239.3
2014,2,18,9,35,175.4,561.5,11.05,1.305,19.42,3.344,264
2014,2,18,9,40,256.5,850,16.52,1.325,19.38,2.785,264.2
2014,2,18,9,45,243.1,842,16.04,1.018,19.73,2.681,251.6
2014,2,18,9,50,228.6,831,15.5,1.296,19.48,2.207,289.4
2014,2,18,9,55,214.8,821,14.94,1.316,19.27,3.592,277.6
2014,2,18,10,0,200.3,808,14.33,1.131,19.42,3.192,253
2014,2,18,10,5,187.4,801,13.77,0.998,19.69,1.751,238.9
2014,2,18,10,10,173.6,789.6,13.14,1.154,19.45,2.249,268
2014,2,18,10,15,158.4,770.5,12.41,0.93,19.64,2.558,250
2014,2,18,10,20,137.8,720.4,11.31,0.841,19.74,2.308,247.5
2014,2,18,10,25,125.6,712.1,10.65,0.757,20.19,3.131,264.1
2014,2,18,10,30,111.8,692.5,9.75,0.582,21.2,2.846,248.3
2014,2,18,10,35,100,684.9,8.83,0.5,21.07,3.695,259.8
2014,2,18,10,40,88.3,677.7,7.809,0.256,21.61,3.211,255.4
2014,2,18,10,45,74.82,652.6,6.739,0.196,21.82,2.83,253.5
2014,2,18,10,50,60.75,613.7,5.611,0.076,22.08,2.87,254.5
2014,2,18,10,55,47.36,568.7,4.492,-0.065,22.45,2.478,256.1
2014,2,18,11,0,35.24,521.9,3.465,-0.256,22.78,2.846,256
2014,2,18,11,5,24.52,471.8,2.586,-0.491,23.2,2.883,257.1
2014,2,18,11,10,14.23,384.3,1.775,-0.711,24.24,3.134,257.3
2014,2,18,11,15,6.33,280.3,1.154,-0.932,24.5,2.651,255.7
2014,2,18,11,20,4.517,116.4,3.593,-1.163,24.96,2.569,253.1
2014,2,18,11,25,3.93,0,3.93,-1.393,25.97,2.462,253
2014,2,18,11,30,2.4,0,2.4,-1.655,27.12,2.588,256
2014,2,18,11,35,0.934,0,0.934,-1.903,27.86,2.55,258.5
2014,2,18,11,40,0.156,0,0.156,-2.201,28.46,2.364,260.4
2014,2,18,11,45,0,0,0,-2.409,28.88,2.372,263.6
2014,2,18,11,50,0,0,0,-2.554,29.2,2.324,265.5
2014,2,18,11,55,0,0,0,-2.831,29.49,2.1,264.7
2014,2,18,12,0,0,0,0,-3.098,29.75,1.621,267.5
2014,2,18,12,5,0,0,0,-3.518,30.3,1.259,278.3
2014,2,18,12,10,0,0,0,-3.812,31.07,1.176,292.9
2014,2,18,12,15,0,0,0,-4.034,31.38,1.187,300.5
2014,2,18,12,20,0,0,0,-4.306,31.84,0.966,309.7
2014,2,18,12,25,0,0,0,-4.516,32.33,0.079,312.6
2014,2,18,12,30,0,0,0,-4.625,32.72,0.252,355.7
2014,2,18,12,35,0,0,0,-4.565,32.57,1.195,8.26
2014,2,18,12,40,0,0,0,-4.485,32.12,1.235,26.73
2014,2,18,12,45,0,0,0,-4.515,32.16,1.32,38.95
2014,2,18,12,50,0,0,0,-4.732,32.34,1.416,36.84
2014,2,18,12,55,0,0,0,-4.821,32.49,1.354,38.44
2014,2,18,13,0,0,0,0,-4.829,32.68,1.357,43.69
2014,2,18,13,5,0,0,0,-4.877,32.78,1.373,47.08
2014,2,18,13,10,0,0,0,-5.218,33.22,1.424,54.48
2014,2,18,13,15,0,0,0,-5.468,33.49,1.235,65.14
2014,2,18,13,20,0,0,0,-5.706,33.9,1.586,74.83
2014,2,18,13,25,0,0,0,-5.914,34.09,1.237,69.55
2014,2,18,13,30,0,0,0,-5.965,34.15,1.757,76.19
2014,2,18,13,35,0,0,0,-5.988,34.12,1.509,68.18
2014,2,18,13,40,0,0,0,-5.961,34.13,0.949,59.52
2014,2,18,13,45,0,0,0,-5.891,33.98,0.809,62.49
2014,2,18,13,50,0,0,0,-5.941,34.09,0.99,76.6
2014,2,18,13,55,0.008,0,0.008,-6.025,34.01,2.172,78.52
2014,2,18,14,0,0,0,0,-6.116,34.17,2.412,78.91
2014,2,18,14,5,0,0,0,-6.212,34.33,2.793,79.51
2014,2,18,14,10,0,0,0,-6.238,34.61,2.502,76.58
2014,2,18,14,15,0,0,0,-6.13,34.54,2.289,78.38
2014,2,18,14,20,0,0,0,-6.24,34.67,2.406,80.1
2014,2,18,14,25,0,0,0,-6.393,34.98,2.169,78.47
2014,2,18,14,30,0,0,0,-6.49,35.13,2.215,78.18
2014,2,18,14,35,0,0,0,-6.602,35.34,2.303,77.98
2014,2,18,14,40,0,0,0,-6.762,35.54,2.396,77.61
2014,2,18,14,45,0,0,0,-6.896,35.77,2.233,75.28
2014,2,18,14,50,0,0,0,-6.976,35.94,2.068,76.03
2014,2,18,14,55,0,0,0,-6.98,35.97,2.169,75.03
2014,2,18,15,0,0,0,0,-7.11,36.08,2.031,74.54
2014,2,18,15,5,0,0,0,-7.167,36.27,2.377,74.01
2014,2,18,15,10,0,0,0,-7.214,36.23,2.683,74.4
2014,2,18,15,15,0,0,0,-7.303,36.32,2.372,74.8
2014,2,18,15,20,0,0,0,-7.453,36.49,2.859,74.25
2014,2,18,15,25,0.008,0,0.008,-7.538,36.62,2.987,73.93
2014,2,18,15,30,0.016,0,0.016,-7.476,36.41,2.987,74.23
2014,2,18,15,35,0.016,0,0.016,-7.423,36.2,2.774,73.54
2014,2,18,15,40,0.008,0,0.008,-7.439,36,2.462,76.93
2014,2,18,15,45,0.008,0,0.008,-7.45,35.93,2.369,76.26
2014,2,18,15,50,0.008,0,0.008,-7.38,35.68,3.171,76.55
2014,2,18,15,55,0,0,0,-7.418,35.62,3.056,74.31
2014,2,18,16,0,0.008,0,0.008,-7.321,35.37,2.542,71.99
2014,2,18,16,5,0.008,0,0.008,-7.226,35.13,2.377,76.66
2014,2,18,16,10,0.016,0,0.016,-7.045,34.67,2.787,74.39
2014,2,18,16,15,0.008,0,0.008,-7.068,34.39,2.934,76.35
2014,2,18,16,20,0.008,0,0.008,-7.225,34.55,2.612,73.71
2014,2,18,16,25,0.008,0,0.008,-7.23,34.48,2.966,73.17
2014,2,18,16,30,0.008,0,0.008,-7.285,34.5,3.022,75.44
2014,2,18,16,35,0,0,0,-7.431,34.68,2.846,74.9
2014,2,18,16,40,0.016,0,0.016,-7.396,34.6,2.478,71.05
2014,2,18,16,45,0.016,0,0.016,-7.317,34.31,2.556,73.25
2014,2,18,16,50,0.016,0,0.016,-7.382,34.21,2.441,71.88
2014,2,18,16,55,0,0,0,-7.542,34.36,2.374,74.99
2014,2,18,17,0,0.008,0,0.008,-7.571,34.26,2.311,73.48
2014,2,18,17,5,0.008,0,0.008,-7.528,33.99,2.369,70.42
2014,2,18,17,10,0.016,0,0.016,-7.492,33.75,2.532,72.05
2014,2,18,17,15,0.008,0,0.008,-7.515,33.51,2.54,71.12
2014,2,18,17,20,0.033,0,0.033,-7.556,33.56,2.297,70.28
2014,2,18,17,25,0,0,0,-7.495,33.45,2.305,72.73
2014,2,18,17,30,0,0,0,-7.552,33.44,2.359,68.95
2014,2,18,17,35,0.016,0,0.016,-7.576,33.47,2.215,70.19
2014,2,18,17,40,0.008,0,0.008,-7.576,33.47,2.468,69.99
2014,2,18,17,45,0.017,0,0.017,-7.576,33.47,2.501,70.5
2014,2,18,17,50,0.008,0,0.008,-7.576,33.47,2.521,73.14
2014,2,18,17,55,0,0,0,-7.576,33.47,2.428,68.24
2014,2,18,18,0,0,0,0,-7.576,33.47,2.494,69.58
2014,2,18,18,5,0,0,0,-7.576,33.47,2.747,69.35
2014,2,18,18,10,0,0,0,-7.576,33.47,2.59,64.08
2014,2,18,18,15,0,0,0,-7.576,33.47,2.335,66.07
2014,2,18,18,20,0.016,0,0.016,-7.576,33.47,2.145,65.21
2014,2,18,18,25,0.017,0,0.017,-7.576,33.47,2.205,66.17
2014,2,20,5,10,NaN,NaN,NaN,5.128,23.77,1.74,236.8
2014,2,20,5,15,581.4,798.7,122.9,2.774,23.07,0.598,207.9
2014,2,20,5,20,587.8,807,122.2,3.378,22.18,1.023,197.4
2014,2,20,5,25,587.3,801,122.4,2.952,22.76,1.392,216.9
2014,2,20,5,30,592.1,806,122.7,3.219,22.49,1.033,210.1
2014,2,20,5,35,593.3,803,124.3,3.366,22.24,1.916,250.5
2014,2,20,5,40,597.7,806,125.1,3.169,22.49,2.084,248.5
2014,2,20,5,45,600.9,810,124.8,3.181,22.33,1.773,263.1
2014,2,20,5,50,602.7,813,124.3,3.314,22.09,2.223,261.7
2014,2,20,5,55,603.3,810,126.1,3.385,22.11,2.002,247.9
2014,2,20,6,0,606.9,815,126.4,3.758,21.6,2.18,237.2
2014,2,20,6,5,607,816,126.1,3.814,21.23,2.529,250.4
2014,2,20,6,10,612.8,812,134.6,4.204,20.48,2.281,286.8
2014,2,20,6,15,614.1,816,133.8,4.52,20.19,1.943,275.3
2014,2,20,6,20,613.9,822,130.8,4.508,20.11,2.209,261.1
2014,2,20,6,25,601.4,786.2,140.4,4.777,19.73,2.779,273
2014,2,20,6,30,610.5,779.1,155,4.801,19.6,1.501,255.3
2014,2,20,6,35,547.2,678.1,152.1,5.159,19.02,2.707,271.2
2014,2,20,6,40,580.7,764.6,137,5.23,18.89,1.842,288.1
2014,2,20,6,45,594.2,815,123.2,5.185,18.76,2.96,262.3
2014,2,20,6,50,588,822,115.8,4.968,18.92,2.145,254.8
2014,2,20,6,55,581.5,820,113.3,5.435,18.47,2.134,270.1
2014,2,20,7,0,578,823,110.9,5.74,17.98,1.323,270.4
2014,2,20,7,5,574.2,823,110.3,6.023,17.56,2.103,247
2014,2,20,7,10,570.3,824,109.4,5.996,17.6,2.273,292
2014,2,20,7,15,564.2,823,107.9,5.867,17.53,2.683,251.5
2014,2,20,7,20,558,818,108.5,5.92,17.47,2.14,273.2
2014,2,20,7,25,554,812,112.2,6.596,17.04,2.156,250.2
2014,2,20,7,30,544.5,808,109.8,6.207,17.29,3.035,253.2
2014,2,20,7,35,534.9,796,111.1,6.473,17.13,2.036,252.3
2014,2,20,7,40,530.1,798.3,110.2,6.597,16.84,2.99,256.2
2014,2,20,7,45,523.8,798.7,108.9,6.707,16.59,3.237,258.9
2014,2,20,7,50,512.5,788.6,108.3,6.691,16.68,2.38,248.5
2014,2,20,7,55,503.9,782.2,108.6,6.823,16.55,2.236,258.7
2014,2,20,8,0,498.2,782.4,108.7,7.071,16.17,2.58,254.7
2014,2,20,8,5,488.5,780.7,105.9,6.926,16.2,3.032,266.5
2014,2,20,8,10,479.2,777.3,104.6,7.052,16.09,2.534,261.4
2014,2,20,8,15,471.6,777.4,103.5,7.093,15.94,1.653,246.7
2014,2,20,8,20,460.3,770.8,102,7.488,15.54,1.892,240.9
2014,2,20,8,25,449.8,767,100.2,7.755,15.27,2.239,250.4
2014,2,20,8,30,438.9,760,99.4,7.492,15.53,1.938,275.2
2014,2,20,8,35,428.9,754,99.2,7.689,15.27,1.797,243.2
2014,2,20,8,40,419.1,750.7,98.3,7.826,15.11,2.353,255.2
2014,2,20,8,45,406.9,742.8,96.8,7.627,15.38,2.095,271.3
2014,2,20,8,50,395.9,738.4,95.3,7.748,15.36,2.481,248.8
2014,2,20,8,55,383.3,729.3,94.1,7.859,15.25,2.545,239.8
2014,2,20,9,0,370.8,719.8,93.2,7.654,15.4,2.635,256.5
2014,2,20,9,5,357.3,709.8,91.4,7.773,15.36,2.295,237.6
2014,2,20,9,10,347.1,707.2,90.1,7.847,15.37,2.369,229.3
2014,2,20,9,15,333.6,694.5,89.2,7.607,15.65,2.289,244.4
2014,2,20,9,20,321.6,687.5,87.7,7.744,15.62,2.606,239.9
2014,2,20,9,25,308.2,677.8,85.7,7.736,15.62,2.092,246.7
2014,2,20,9,30,293.4,659.9,84.8,7.847,15.5,2.337,266.1
2014,2,20,9,35,280.4,648.8,83.4,7.674,15.69,1.988,254.5
2014,2,20,9,40,268,640.3,81.6,7.659,15.64,2.486,261.1
2014,2,20,9,45,255.6,629.6,80.4,7.75,15.61,1.821,254.1
2014,2,20,9,50,242.1,616.5,78.47,7.775,15.6,1.778,256.1
2014,2,20,9,55,224,585.7,76.27,7.736,15.56,2.343,271.4
2014,2,20,10,0,211.2,572,74.54,7.579,15.73,2.43,261.5
2014,2,20,10,5,199.7,561.4,73.12,7.585,15.75,1.81,268.7
2014,2,20,10,10,183.9,534.6,70.72,7.665,15.66,2.713,268.2
2014,2,20,10,15,167.5,502.3,68.07,7.503,15.86,2.699,260.9
2014,2,20,10,20,154.4,482.8,65.58,7.344,16.05,3.115,268.3
2014,2,20,10,25,138.5,448.5,62.27,7.332,16.11,2.763,272.3
2014,2,20,10,30,118.9,394.5,57.51,7.348,16.08,2.67,271.4
2014,2,20,10,35,106.2,372.3,53.47,7.219,16.16,2.889,270.6
2014,2,20,10,40,95.1,359,49.5,6.965,16.44,2.758,267
2014,2,20,10,45,85.3,345.6,46.43,7.002,16.4,2.739,274.6
2014,2,20,10,50,69.66,285.5,41.65,6.801,16.61,2.526,273.8
2014,2,20,10,55,53.99,216.5,35.86,6.628,16.75,2.71,270.2
2014,2,20,11,0,35.59,77.1,30.03,6.35,17.03,2.348,272.7
2014,2,20,11,5,22.2,0,22.2,6.024,17.31,1.948,283.7
2014,2,20,11,10,11.83,0,11.83,5.633,17.68,1.719,282.1
2014,2,20,11,15,5.741,0,5.741,5.221,18,1.41,275.3
2014,2,20,11,20,2.002,0,2.002,4.816,18.38,1.28,273.7
2014,2,20,11,25,3.111,0,3.111,4.429,18.82,1.61,285.7
2014,2,20,11,30,1.916,0,1.916,4.247,19.24,1.741,291.9
2014,2,20,11,35,0.925,0,0.925,3.902,19.43,1.437,280.6
2014,2,20,11,40,0.27,0,0.27,3.458,19.92,1.56,284.4
2014,2,20,11,45,0.025,0,0.025,3.168,20.31,1.597,300.7
2014,2,20,11,50,0,0,0,2.958,20.55,1.172,293.6
2014,2,20,11,55,0,0,0,2.639,20.65,0.112,266.8
2014,2,20,12,0,0,0,0,2.144,21.25,0,0
2014,2,20,12,5,0,0,0,1.965,21.87,0.049,333.8
2014,2,20,12,10,0,0,0,2.054,21.77,0.215,338.9
2014,2,20,12,15,0,0,0,2.163,21.58,0.205,354.8
2014,2,20,12,20,0,0,0,2.034,21.51,0.005,346.7
2014,2,20,12,25,0,0,0,1.559,21.86,0,0
2014,2,20,12,30,0,0,0,1.628,21.96,0.577,14.37
2014,2,20,12,35,0,0,0,1.762,21.62,0.637,12.39
2014,2,20,12,40,0,0,0,1.306,22.59,0.016,45.1
2014,2,20,12,45,0,0,0,0.916,22.82,1.314,45.38
2014,2,20,12,50,0,0,0,1.084,22.47,1.378,49.62
2014,2,20,12,55,0,0,0,0.696,22.89,1.069,64.11
2014,2,20,13,0,0,0,0,0.384,23.31,1.416,63.86
2014,2,20,13,5,0,0,0,0.393,23.3,1.285,58.44
2014,2,20,13,10,0,0,0,0.356,23.29,1.493,63.4
2014,2,20,13,15,0,0,0,-0.082,23.76,1.538,64.58
2014,2,20,13,20,0,0,0,0.317,23.48,1.908,52.71
2014,2,20,13,25,0,0,0,0.414,23.04,1.852,55.67
2014,2,20,13,30,0,0,0,0.094,23.53,1.77,64.92
2014,2,20,13,35,0.008,0,0.008,0.314,23.46,1.693,70.51
2014,2,20,13,40,0,0,0,0.675,22.84,1.722,78.24
2014,2,20,13,45,0,0,0,-0.048,23.33,1.235,94.5
2014,2,20,13,50,0,0,0,-0.594,24.24,1.714,83
2014,2,20,13,55,0,0,0,-0.786,24.57,2.188,99.6
2014,2,20,14,0,0,0,0,-0.217,24.56,3.408,94.8
2014,2,20,14,5,0,0,0,0.622,23.81,3.498,83.3
2014,2,20,14,10,0,0,0,0.934,23.5,3.605,88.2
2014,2,20,14,15,0,0,0,0.439,24.27,4.46,91.9
2014,2,20,14,20,0,0,0,-0.035,24.75,5.389,107.7
2014,2,20,14,25,0,0,0,-0.557,25.52,5.174,111.4
2014,2,20,14,30,0.008,0,0.008,-0.938,25.9,4.215,121.9
2014,2,20,14,35,0,0,0,-1.244,26.31,3.717,118.3
2014,2,20,14,40,0,0,0,-1.556,26.91,3.376,116.7
2014,2,20,14,45,0,0,0,-1.851,27.38,3.056,113.2
2014,2,20,14,50,0,0,0,-2.104,27.8,3.038,107.2
2014,2,20,14,55,0,0,0,-2.183,27.89,2.979,99.4
2014,2,20,15,0,0,0,0,-2.349,28.31,2.454,84.6
2014,2,20,15,5,0,0,0,-2.446,28.6,2.436,85.8
2014,2,20,15,10,0,0,0,-2.607,28.84,2.465,82
2014,2,20,15,15,0,0,0,-2.822,29.15,2.564,80.1
2014,2,20,15,20,0,0,0,-2.972,29.47,2.67,78.92
2014,2,20,15,25,0,0,0,-3.031,29.54,2.635,77.25
2014,2,20,15,30,0,0,0,-3.105,29.74,2.83,78.28
2014,2,20,15,35,0,0,0,-3.13,29.87,2.486,77.59
2014,2,20,15,40,0,0,0,-3.069,29.88,2.689,76.49
2014,2,20,15,45,0,0,0,-2.828,29.25,2.516,85.7
2014,2,20,15,50,0.008,0,0.008,-2.814,29.39,2.446,80.8
2014,2,20,15,55,0,0,0,-2.715,29.32,1.946,80.1
2014,2,20,16,0,0,0,0,-2.985,29.55,2.124,78.95
2014,2,20,16,5,0,0,0,-2.822,29.36,2.633,70.9
2014,2,20,16,10,0,0,0,-2.756,29.06,2.779,64.49
2014,2,20,16,15,0,0,0,-2.837,29.24,2.923,62.12
2014,2,20,16,20,0,0,0,-2.639,29.03,2.188,60.02
2014,2,20,16,25,0.008,0,0.008,-2.644,28.88,1.536,57.89
2014,2,20,16,30,0,0,0,-2.823,29.36,1.655,61.33
2014,2,20,16,35,0,0,0,-2.941,29.56,1.165,61.43
2014,2,20,16,40,0,0,0,-3.09,29.83,1.781,62.43
2014,2,20,16,45,0,0,0,-3.184,29.97,2.026,67.76
2014,2,20,16,50,0,0,0,-3.425,30.32,1.722,67.29
2014,2,20,16,55,0,0,0,-3.612,30.74,1.445,61.25
2014,2,20,17,0,0,0,0,-3.68,30.96,1.4,63.97
2014,2,20,17,5,0,0,0,-3.589,30.86,1.999,69.98
2014,2,20,17,10,0,0,0,-3.549,30.72,1.789,71.42
2014,2,20,17,15,0,0,0,-3.684,30.94,1.621,73.51
2014,2,20,17,20,0,0,0,-3.744,31.13,1.65,68.45
2014,2,20,17,25,0,0,0,-3.756,31.26,1.464,67.58
2014,2,20,17,30,0,0,0,-3.814,31.44,1.506,69.97
2014,2,20,17,35,0,0,0,-3.819,31.53,1.229,64.82
2014,2,20,17,40,0.008,0,0.008,-3.894,31.77,1.053,57.18
2014,2,20,17,45,0,0,0,-4.069,32.08,1.314,55.22
2014,2,20,17,50,0,0,0,-4.263,32.52,1.546,56.29
2014,2,20,17,55,0,0,0,-4.491,32.9,1.386,57.17
2014,2,20,18,0,0.008,0,0.008,-4.631,33.35,1.717,53.14
2014,2,20,18,5,0,0,0,-4.616,33.52,1.794,54.54
2014,2,20,18,10,0,0,0,-4.615,33.78,1.554,58.54
2014,2,20,18,15,0,0,0,-4.295,33.87,1.711,59.16
2014,2,20,18,20,0,0,0,-4.258,33.84,1.906,62.87
2014,2,20,18,25,0,0,0,-4.431,34.13,1.903,66.46
2014,2,20,18,30,0,0,0,-4.48,34.27,1.916,69.85
2014,2,20,18,35,0,0,0,-4.222,34.02,1.863,60.61
2014,2,20,18,40,0,0,0,-4.033,33.83,1.666,58.82
2014,2,20,18,45,0,0,0,-3.827,33.92,1.618,54.74
2014,2,20,18,50,0.008,0,0.008,-3.737,33.93,1.285,61.67
2014,2,20,18,55,0,0,0,-3.846,34.46,1.141,68.61
2014,2,20,19,0,0,0,0,-3.841,35.16,1.466,55.36
2014,2,20,19,5,0.008,0,0.008,-3.432,34.61,1.751,62.63
2014,2,20,19,10,0,0,0,-3.406,34.5,1.911,64.71
2014,2,20,19,15,0.008,0,0.008,-3.554,34.63,2.252,65.05
2014,2,20,19,20,0,0,0,-3.544,34.87,2.271,70.05
2014,2,20,19,25,0,0,0,-3.478,34.85,2.319,67.08
2014,2,20,19,30,0.008,0,0.008,-3.333,34.7,2.686,70.34
2014,2,20,19,35,0,0,0,-3.379,34.67,2.691,72.24
2014,2,20,19,40,0.008,0,0.008,-3.459,34.94,2.55,69.75
2014,2,20,19,45,0,0,0,-3.378,34.8,2.39,69.09
2014,2,20,19,50,0.008,0,0.008,-3.42,34.9,2.457,65.47
2014,2,20,19,55,0,0,0,-3.326,34.72,2.505,60.68
2014,2,20,20,0,0,0,0,-3.345,34.76,2.593,60.99
2014,2,20,20,5,0.016,0,0.016,-3.289,34.73,2.681,63.37
2014,2,20,20,10,0,0,0,-3.253,34.6,3.181,66.27
2014,2,20,20,15,0.008,0,0.008,-3.136,34.51,3.227,69.08
2014,2,20,20,20,0,0,0,-2.938,34.01,2.998,67.38
2014,2,20,20,25,0.008,0,0.008,-2.932,33.84,3.706,67.83
2014,2,20,20,30,0,0,0,-2.792,33.54,3.717,64.08
2014,2,20,20,35,0,0,0,-2.846,33.52,2.987,64.43
2014,2,20,20,40,0,0,0,-2.99,33.82,3.086,63.8
2014,2,20,20,45,0,0,0,-3.143,34.19,3.051,66.09
2014,2,20,20,50,0,0,0,-3.119,34.2,3.043,63.17
2014,2,20,20,55,0,0,0,-3.075,34.05,3.256,65.94
2014,2,20,21,0,0,0,0,-3.073,34.03,3.312,64.95
2014,2,20,21,5,0,0,0,-3.046,33.98,3.118,63.05
2014,2,20,21,10,0.025,0,0.025,-3.131,34.1,3.024,64.09
2014,2,20,21,15,0,0,0,-3.253,34.39,3.371,69.09
2014,2,20,21,20,0,0,0,-3.144,34.28,3.586,67.53
2014,2,20,21,25,0,0,0,-3.008,34.02,3.52,66.89
2014,2,20,21,30,0,0,0,-2.863,33.7,2.958,62.57
2014,2,20,21,35,0,0,0,-2.965,33.76,2.433,61.78
2014,2,20,21,40,0.008,0,0.008,-3.134,34.05,2.239,56.05
2014,2,20,21,45,0.008,0,0.008,-3.28,34.39,2.329,56.64
2014,2,20,21,50,0,0,0,-3.378,34.59,2.537,55.78
2014,2,20,21,55,0.008,0,0.008,-3.497,34.96,2.34,57.37
2014,2,20,22,0,0.008,0,0.008,-3.485,35.08,2.284,58.35
2014,2,20,22,5,0,0,0,-3.684,35.4,2.292,57.6
2014,2,20,22,10,0,0,0,-3.881,35.9,2.151,56.55
2014,2,20,22,15,0,0,0,-4.045,36.32,2.297,56.66
2014,2,20,22,20,0.008,0,0.008,-3.947,36.34,1.791,58.87
2014,2,20,22,25,0,0,0,-4.173,36.57,1.537,84.2
2014,2,20,22,30,0,0,0,-4.091,37.35,0.98,96.5
2014,2,20,22,35,0,0,0,-4.015,37.26,0.318,81.2
2014,2,20,22,40,0,0,0,-3.526,36.88,0.84,84.2
2014,2,20,22,45,0,0,0,-3.462,36.28,1.277,79.49
2014,2,20,22,50,0.016,0,0.016,-3.563,36.09,1.578,77.45
2014,2,20,22,55,0.008,0,0.008,-4.277,37.19,1.703,75.19
2014,2,20,23,0,0,0,0,-4.589,37.99,1.81,77.7
2014,2,20,23,5,0,0,0,-4.937,38.68,2.343,81.4
2014,2,20,23,10,0,0,0,-4.942,38.91,2.369,80.8
2014,2,20,23,15,0,0,0,-4.934,39.01,2.433,83.1
2014,2,20,23,20,0.008,0,0.008,-5.205,39.42,2.67,81.6
2014,2,20,23,25,0,0,0,-5.393,40.08,2.09,80.7
2014,2,20,23,30,0,0,0,-5.424,40.39,2.151,81.4
2014,2,20,23,35,0,0,0,-5.363,40.24,2.151,79.66
2014,2,20,23,40,0,0,0,-5.4,40.06,2.327,78.91
2014,2,20,23,45,0,0,0,-5.484,39.7,2.209,80.1
2014,2,20,23,50,0,0,0,-5.464,39.44,2.289,76.2
2014,2,20,23,55,0.008,0,0.008,-5.528,39.33,1.229,72.48
