"","ksrq","as.numeric(as.factor(kyxm$yjlb))"
"1",2007-10-31,NA
"2",2007-10-31,NA
"3",2007-10-31,NA
"4",2007-10-31,3
"5",2007-10-31,NA
"6",2007-10-31,NA
"7",2007-10-31,NA
"8",2007-10-31,NA
"9",2007-10-31,NA
"10",2007-10-31,NA
"11",2007-10-30,NA
"12",2007-10-30,NA
"13",2009-01-09,3
"14",2008-03-25,3
"15",2007-12-17,NA
"16",2007-12-17,NA
"17",2009-12-01,3
"18",2009-12-01,3
"19",2009-12-01,3
"20",2009-12-01,3
"21",2009-12-01,3
"22",2009-12-02,5
"23",2009-12-02,3
"24",2009-08-01,3
"25",2009-11-10,NA
"26",2009-11-10,3
"27",2009-11-10,NA
"28",2009-11-10,NA
"29",2009-11-10,NA
"30",2009-11-10,NA
"31",2009-11-10,NA
"32",2009-11-10,NA
"33",2006-09-28,NA
"34",2009-09-11,NA
"35",2009-09-11,NA
"36",2009-09-26,NA
"37",2009-09-04,3
"38",2009-09-04,NA
"39",2009-09-04,NA
"40",2009-09-04,3
"41",2009-07-01,3
"42",2009-07-01,3
"43",2009-07-01,3
"44",2009-10-31,3
"45",2008-11-27,3
"46",2008-11-27,3
"47",2009-10-22,NA
"48",2009-10-22,NA
"49",2009-10-22,4
"50",2009-10-22,NA
"51",2010-08-05,3
"52",2010-11-22,3
"53",2010-11-26,6
"54",2010-11-22,3
"55",2010-11-22,3
"56",2010-11-24,3
"57",2010-11-24,3
"58",2010-11-24,3
"59",2010-11-24,3
"60",2009-06-19,3
"61",2009-12-01,3
"62",2009-12-01,3
"63",2009-12-01,3
"64",2009-12-03,NA
"65",2009-12-03,NA
"66",2009-12-03,NA
"67",2009-11-10,NA
"68",2009-11-10,NA
"69",2009-11-10,NA
"70",2009-11-10,NA
"71",2009-11-10,NA
"72",2009-11-10,NA
"73",2009-11-10,NA
"74",2009-11-10,NA
"75",2009-11-10,NA
"76",2009-11-10,NA
"77",2009-11-10,NA
"78",2009-11-10,NA
"79",2009-11-10,3
"80",2009-11-10,3
"81",2009-11-10,3
"82",2009-11-10,3
"83",2009-11-10,3
"84",2009-11-10,3
"85",2009-11-10,3
"86",2009-11-10,NA
"87",2009-11-10,NA
"88",2009-02-11,7
"89",2009-02-11,7
"90",2009-02-11,7
"91",2009-02-11,7
"92",2009-02-11,7
"93",2009-02-11,7
"94",2009-02-11,7
"95",2009-02-11,7
"96",2006-08-18,NA
"97",2006-08-18,NA
"98",2006-08-18,NA
"99",2009-02-11,3
"100",2005-03-01,NA
"101",2005-12-01,NA
"102",2005-12-01,NA
"103",2009-02-11,3
"104",2009-02-11,3
"105",2009-02-11,3
"106",2009-02-11,3
"107",2004-07-01,NA
"108",2009-02-11,3
"109",2004-08-01,NA
"110",2006-01-05,NA
"111",2009-09-16,NA
"112",2004-08-01,NA
"113",2009-06-25,NA
"114",2009-12-03,NA
"115",2009-09-16,NA
"116",2004-08-01,NA
"117",2009-09-09,NA
"118",2006-06-28,NA
"119",2005-01-01,NA
"120",2009-09-02,3
"121",2009-10-23,NA
"122",2009-09-02,3
"123",2005-06-24,NA
"124",2005-01-19,NA
"125",2005-01-19,NA
"126",2009-12-01,3
"127",2005-08-01,NA
"128",2010-07-14,3
"129",2005-08-01,NA
"130",2005-08-01,NA
"131",2010-07-14,3
"132",2010-07-14,3
"133",2010-07-14,3
"134",2010-07-14,3
"135",2010-07-14,NA
"136",2006-08-18,NA
"137",2005-10-10,NA
"138",2010-07-14,NA
"139",2005-04-01,NA
"140",2005-04-01,NA
"141",2005-10-10,NA
"142",2010-08-17,3
"143",2010-08-17,3
"144",2010-08-17,3
"145",2005-04-01,NA
"146",2005-04-01,NA
"147",2010-08-30,5
"148",2005-06-01,NA
"149",2010-01-01,3
"150",2010-01-01,3
"151",2010-01-01,3
"152",2013-06-05,3
"153",2010-01-01,3
"154",2006-12-20,NA
"155",2014-03-05,3
"156",2010-11-26,3
"157",2010-11-24,3
"158",2006-06-12,3
"159",2010-11-26,3
"160",NA,3
"161",2007-06-12,NA
"162",2005-12-01,3
"163",2005-12-01,3
"164",2005-12-01,3
"165",2005-12-01,3
"166",NA,3
"167",2006-12-27,NA
"168",2006-12-27,NA
"169",2010-02-20,3
"170",2010-02-20,3
"171",NA,3
"172",NA,3
"173",NA,3
"174",2010-08-03,3
"175",2006-04-12,NA
"176",2010-09-20,3
"177",2010-09-20,NA
"178",2007-08-30,NA
"179",2006-01-01,NA
"180",2006-01-01,NA
"181",2010-09-20,NA
"182",2010-07-05,NA
"183",2010-08-05,3
"184",2007-08-31,NA
"185",2010-08-05,NA
"186",2010-08-05,NA
"187",NA,3
"188",2008-10-01,6
"189",2010-11-22,3
"190",2006-08-18,NA
"191",2006-08-18,NA
"192",2010-11-25,3
"193",NA,3
"194",2006-08-18,NA
"195",2007-12-17,NA
"196",2010-11-28,3
"197",2008-06-12,NA
"198",NA,3
"199",2008-05-12,NA
"200",2007-06-22,NA
"201",2008-04-22,NA
"202",2010-11-27,3
"203",2008-09-28,NA
"204",2010-11-24,3
"205",2010-11-24,3
"206",2008-09-02,NA
"207",2012-11-26,6
"208",2010-11-22,3
"209",2012-11-15,6
"210",2010-11-22,3
"211",2006-09-28,NA
"212",2013-06-05,3
"213",2006-09-28,NA
"214",2006-09-28,NA
"215",2013-06-05,3
"216",NA,3
"217",NA,3
"218",2007-10-30,NA
"219",NA,3
"220",NA,3
"221",NA,3
"222",2007-11-23,6
"223",2007-12-25,3
"224",2007-12-25,NA
"225",2007-12-25,NA
"226",NA,3
"227",2007-12-25,3
"228",2014-05-20,1
"229",2012-12-30,3
"230",2010-11-25,3
"231",2010-11-25,3
"232",2010-11-25,3
"233",2010-11-25,3
"234",2010-11-25,3
"235",2011-09-06,3
"236",2010-11-25,3
"237",2010-11-25,3
"238",2010-11-23,3
"239",2011-05-10,3
"240",2011-05-10,3
"241",2011-05-10,3
"242",2011-05-10,3
"243",2011-05-10,3
"244",2011-10-12,6
"245",2011-10-12,6
"246",2010-11-26,3
"247",2010-11-26,3
"248",NA,3
"249",2010-11-18,3
"250",NA,6
"251",NA,3
"252",NA,3
"253",NA,3
"254",NA,3
"255",NA,3
"256",NA,3
"257",2009-12-25,3
"258",2009-12-25,3
"259",2009-12-25,3
"260",2011-09-12,3
"261",2010-02-20,3
"262",2011-09-12,3
"263",2009-11-01,7
"264",2011-09-06,3
"265",2010-02-20,3
"266",2012-05-21,6
"267",2010-02-20,3
"268",2012-05-31,6
"269",2010-02-20,3
"270",2012-06-01,3
"271",2010-11-29,3
"272",2012-05-08,3
"273",2012-05-01,3
"274",2012-05-01,3
"275",2012-05-15,3
"276",2012-05-01,3
"277",NA,3
"278",NA,3
"279",2010-12-17,3
"280",2010-08-18,6
"281",2012-02-29,3
"282",2010-07-14,3
"283",2012-02-29,3
"284",2011-03-01,3
"285",2011-12-09,3
"286",2010-07-01,3
"287",NA,3
"288",NA,3
"289",2011-09-19,3
"290",2011-09-19,3
"291",NA,3
"292",NA,3
"293",NA,3
"294",2013-06-05,3
"295",NA,3
"296",NA,3
"297",2012-09-26,6
"298",NA,3
"299",2010-11-30,NA
"300",2010-11-30,NA
"301",NA,3
"302",NA,3
"303",2009-04-12,NA
"304",2010-04-12,NA
"305",2010-04-12,NA
"306",2012-05-21,6
"307",2011-05-18,NA
"308",2011-05-18,NA
"309",2011-10-24,3
"310",2011-10-24,3
"311",2012-05-02,4
"312",2012-05-02,4
"313",2012-05-01,6
"314",2012-05-01,6
"315",2012-05-01,6
"316",2012-05-01,6
"317",2012-05-16,3
"318",2012-01-16,3
"319",2012-01-16,3
"320",2012-01-23,3
"321",2012-01-23,3
"322",2012-01-23,3
"323",2012-01-23,8
"324",2012-01-23,8
"325",2012-01-23,8
"326",2012-01-23,8
"327",2012-04-01,3
"328",2012-02-20,3
"329",2012-02-13,6
"330",2012-02-13,6
"331",2011-05-11,3
"332",2009-11-25,3
"333",2012-03-01,6
"334",2012-03-01,6
"335",2012-03-01,6
"336",NA,6
"337",2012-03-12,6
"338",2009-12-21,3
"339",2010-05-01,3
"340",2010-10-01,3
"341",2010-10-01,3
"342",2010-10-01,3
"343",NA,3
"344",NA,3
"345",NA,3
"346",2010-05-24,3
"347",2010-05-24,3
"348",NA,3
"349",2010-05-26,3
"350",2009-01-26,7
"351",2010-03-22,3
"352",2011-01-15,3
"353",2009-11-08,3
"354",2010-10-01,4
"355",2012-05-10,6
"356",2010-10-01,4
"357",2010-05-28,4
"358",2010-05-28,4
"359",2010-05-27,4
"360",2013-06-05,3
"361",2009-06-12,6
"362",2013-06-05,3
"363",2010-12-13,7
"364",2010-12-17,3
"365",2010-11-04,3
"366",2010-11-04,3
"367",2011-01-04,3
"368",2011-03-29,3
"369",2011-12-30,3
"370",NA,3
"371",NA,3
"372",NA,3
"373",NA,3
"374",NA,3
"375",NA,3
"376",NA,3
"377",NA,3
"378",NA,3
"379",NA,3
"380",NA,3
"381",NA,3
"382",NA,3
"383",NA,6
"384",NA,6
"385",NA,6
"386",2010-09-30,3
"387",2011-09-30,3
"388",NA,3
"389",NA,3
"390",2011-10-12,6
"391",2011-05-10,3
"392",2011-05-10,3
"393",NA,3
"394",2010-10-25,3
"395",NA,3
"396",NA,3
"397",2014-03-21,4
"398",NA,3
"399",2014-09-01,7
"400",NA,3
"401",NA,3
"402",NA,3
"403",NA,3
"404",NA,3
"405",2013-10-15,6
"406",NA,3
"407",NA,3
"408",NA,3
"409",NA,3
"410",NA,3
"411",NA,3
"412",2011-10-24,7
"413",2011-10-24,7
"414",2011-10-24,3
"415",2011-09-24,3
"416",2011-10-24,3
"417",2011-10-24,3
"418",2011-10-24,3
"419",2011-12-09,3
"420",2011-12-09,3
"421",2012-04-20,6
"422",2012-04-20,6
"423",2012-04-20,6
"424",2011-09-30,3
"425",2012-04-09,3
"426",2011-10-16,3
"427",2011-10-16,3
"428",2011-10-16,3
"429",2011-10-16,3
"430",2012-04-16,3
"431",2011-09-30,3
"432",2011-09-30,3
"433",2011-09-30,3
"434",2011-12-30,3
"435",2011-12-30,3
"436",2011-12-30,3
"437",2011-12-30,3
"438",2006-08-18,NA
"439",2009-02-11,3
"440",2009-02-11,3
"441",2009-02-11,3
"442",2006-08-18,NA
"443",2009-02-11,3
"444",2009-02-11,3
"445",2009-02-11,3
"446",2009-02-11,3
"447",2005-12-01,NA
"448",2005-12-01,NA
"449",2006-06-15,NA
"450",2006-01-05,NA
"451",2009-02-11,NA
"452",2009-02-11,NA
"453",2004-08-01,NA
"454",2009-02-17,3
"455",2009-02-17,3
"456",2006-01-05,NA
"457",2009-06-25,NA
"458",2004-08-01,NA
"459",2004-08-01,NA
"460",2009-09-09,NA
"461",2006-01-05,NA
"462",2009-09-09,NA
"463",2009-09-02,3
"464",2006-04-30,NA
"465",2006-07-17,NA
"466",2007-05-21,NA
"467",2009-09-02,3
"468",2009-09-02,3
"469",2009-12-01,3
"470",2005-08-01,NA
"471",2010-07-14,3
"472",2005-08-01,NA
"473",2010-07-14,3
"474",2005-08-01,NA
"475",2005-08-01,NA
"476",2005-08-01,NA
"477",2006-08-18,3
"478",2010-07-14,NA
"479",2010-07-14,NA
"480",2005-10-10,NA
"481",2010-07-14,NA
"482",2009-09-22,NA
"483",2010-08-17,3
"484",2010-08-17,3
"485",2005-04-01,NA
"486",2005-04-01,NA
"487",2005-04-01,NA
"488",2005-04-01,NA
"489",2010-08-17,3
"490",2005-06-01,NA
"491",2010-01-01,3
"492",2005-06-01,NA
"493",2007-10-30,NA
"494",2007-01-01,NA
"495",2010-01-01,3
"496",2010-01-01,3
"497",2013-06-05,3
"498",2006-12-20,NA
"499",2008-11-01,NA
"500",2008-11-01,NA
"501",2014-05-19,3
"502",2010-11-26,3
"503",NA,3
"504",NA,3
"505",2010-11-20,3
"506",2009-09-01,3
"507",2009-09-01,NA
"508",2010-02-20,3
"509",NA,3
"510",2007-09-04,NA
"511",2007-10-09,3
"512",2007-10-30,NA
"513",2010-06-08,NA
"514",2007-08-30,NA
"515",2010-06-08,NA
"516",2007-09-14,NA
"517",NA,3
"518",NA,3
"519",2007-08-30,NA
"520",2010-09-20,3
"521",2010-09-20,NA
"522",2010-09-20,NA
"523",2012-06-27,3
"524",2007-08-31,NA
"525",2010-08-05,6
"526",2012-10-29,3
"527",2009-01-01,7
"528",NA,3
"529",2006-08-18,NA
"530",2006-08-18,NA
"531",NA,3
"532",2010-12-01,3
"533",2006-08-18,NA
"534",2006-08-18,NA
"535",2010-11-28,3
"536",NA,3
"537",NA,3
"538",2008-06-12,NA
"539",2010-11-28,3
"540",2010-11-27,3
"541",2008-06-22,3
"542",2010-11-24,3
"543",2008-09-28,3
"544",2010-11-19,3
"545",2010-11-19,3
"546",2012-11-26,6
"547",2008-11-01,1
"548",2008-11-01,1
"549",2006-08-18,NA
"550",2010-11-22,3
"551",2006-09-28,NA
"552",2010-11-27,3
"553",2013-06-05,3
"554",2013-06-05,3
"555",2007-01-01,NA
"556",2007-01-01,NA
"557",2007-01-01,NA
"558",2010-07-01,NA
"559",2010-11-26,3
"560",2008-11-01,NA
"561",NA,3
"562",2007-10-30,NA
"563",2010-11-24,3
"564",2007-10-30,NA
"565",2007-10-30,NA
"566",2007-06-12,NA
"567",2010-11-22,3
"568",2010-11-20,3
"569",2010-11-20,3
"570",NA,3
"571",2005-12-01,3
"572",2006-12-27,NA
"573",NA,3
"574",2006-12-27,NA
"575",2007-09-04,NA
"576",2010-02-20,3
"577",2010-05-08,7
"578",2007-10-30,NA
"579",2010-06-08,NA
"580",2007-09-14,NA
"581",2010-06-30,NA
"582",2007-09-14,NA
"583",2007-09-14,NA
"584",2010-09-20,3
"585",2006-08-01,NA
"586",NA,3
"587",2006-05-01,NA
"588",2006-05-01,NA
"589",2007-08-31,NA
"590",2012-07-01,3
"591",2006-08-31,NA
"592",2006-08-31,NA
"593",2006-08-31,NA
"594",2006-08-18,NA
"595",2006-08-18,NA
"596",NA,3
"597",2010-11-24,3
"598",NA,3
"599",NA,3
"600",2010-11-28,3
"601",NA,3
"602",2008-04-16,NA
"603",2010-11-28,3
"604",2010-11-28,3
"605",NA,3
"606",NA,3
"607",NA,3
"608",2012-11-28,3
"609",2012-11-26,6
"610",2008-09-02,NA
"611",2008-11-01,3
"612",2008-11-01,3
"613",2010-11-22,3
"614",2013-02-20,3
"615",2010-11-27,3
"616",2013-06-05,3
"617",2007-10-28,NA
"618",2007-10-28,NA
"619",2007-10-30,NA
"620",NA,3
"621",2007-01-15,3
"622",2006-11-13,3
"623",NA,3
"624",2014-03-15,6
"625",NA,3
"626",NA,3
"627",2007-12-25,NA
"628",NA,3
"629",2007-12-25,NA
"630",2007-12-25,NA
"631",2009-10-22,NA
"632",2009-10-23,3
"633",2009-12-10,3
"634",2008-11-01,NA
"635",2008-11-01,NA
"636",2008-11-01,NA
"637",2008-11-01,NA
"638",2008-11-01,NA
"639",2008-11-01,NA
"640",2008-11-01,NA
"641",2008-11-01,NA
"642",2008-11-01,NA
"643",2008-11-01,NA
"644",2008-12-12,NA
"645",2008-07-01,NA
"646",2008-07-01,NA
"647",2008-07-01,NA
"648",2008-12-15,3
"649",2008-12-15,3
"650",2011-12-09,3
"651",2008-03-03,3
"652",2008-03-03,3
"653",2009-01-09,3
"654",2009-01-09,3
"655",2009-01-09,3
"656",2009-01-09,3
"657",2005-05-18,NA
"658",2005-05-18,NA
"659",2005-05-18,NA
"660",2005-07-04,NA
"661",2005-07-04,NA
"662",2004-07-22,NA
"663",2004-01-01,NA
"664",2004-01-01,NA
"665",2004-01-01,NA
"666",2004-01-01,NA
"667",2004-06-28,NA
"668",2004-06-28,NA
"669",2004-07-21,NA
"670",2004-07-21,NA
"671",2004-07-21,NA
"672",2004-07-21,NA
"673",2004-07-21,NA
"674",2004-07-21,NA
"675",2004-07-21,NA
"676",2004-07-21,NA
"677",2004-07-21,NA
"678",2004-07-21,NA
"679",2007-10-31,NA
"680",2007-10-31,NA
"681",2007-10-31,NA
"682",2007-10-31,NA
"683",2011-12-30,3
"684",2011-12-30,3
"685",2011-12-30,3
"686",2011-12-30,3
"687",2011-12-30,3
"688",2011-12-30,3
"689",2012-12-30,3
"690",2010-11-23,3
"691",2010-11-23,3
"692",2011-12-30,3
"693",2006-10-09,6
"694",2009-11-10,3
"695",2010-11-25,3
"696",2010-11-25,3
"697",2011-09-06,3
"698",2011-05-10,3
"699",2010-11-25,3
"700",2010-11-26,3
"701",2010-11-21,3
"702",2010-11-29,3
"703",2010-11-29,3
"704",2010-11-25,3
"705",2010-11-25,3
"706",2010-11-25,3
"707",2010-11-29,3
"708",2010-11-26,3
"709",2010-11-26,3
"710",NA,3
"711",NA,6
"712",2010-11-18,3
"713",NA,3
"714",2010-11-29,3
"715",2010-11-29,3
"716",2009-09-09,NA
"717",2009-11-27,3
"718",2009-12-11,3
"719",2009-12-17,3
"720",2009-06-10,NA
"721",2009-12-25,NA
"722",NA,3
"723",2011-09-12,3
"724",2009-12-25,3
"725",2011-09-12,3
"726",2009-11-01,7
"727",2011-09-06,3
"728",2010-02-20,6
"729",2011-09-06,3
"730",2010-02-20,3
"731",2012-05-31,6
"732",2012-05-10,3
"733",2010-02-20,3
"734",2012-05-31,6
"735",2010-11-29,3
"736",2012-05-30,6
"737",2010-11-29,3
"738",2010-11-29,3
"739",2010-11-24,3
"740",2010-05-21,NA
"741",2010-07-12,4
"742",2010-08-18,6
"743",2010-08-18,6
"744",2010-08-18,6
"745",2010-12-17,3
"746",2010-07-14,3
"747",2012-02-29,3
"748",2012-02-29,3
"749",2011-01-15,3
"750",2012-02-29,3
"751",2011-03-01,3
"752",2011-12-09,3
"753",2011-12-09,6
"754",NA,3
"755",2012-12-13,3
"756",NA,3
"757",NA,3
"758",2013-06-05,3
"759",NA,3
"760",2010-02-20,3
"761",2010-02-20,3
"762",2010-03-02,3
"763",2010-01-04,3
"764",2010-11-30,3
"765",2010-11-30,NA
"766",NA,3
"767",2010-11-30,NA
"768",2009-04-12,NA
"769",2009-04-12,NA
"770",NA,3
"771",NA,3
"772",2011-05-18,NA
"773",2012-05-01,3
"774",2012-05-17,3
"775",2012-05-17,3
"776",2012-05-15,6
"777",2011-10-24,3
"778",2011-05-10,3
"779",2011-05-10,3
"780",2011-09-30,3
"781",2011-09-30,3
"782",2011-09-30,3
"783",2011-07-22,6
"784",2011-07-22,6
"785",2010-06-15,3
"786",2011-12-26,3
"787",2010-06-15,6
"788",2010-06-15,6
"789",NA,3
"790",2011-11-27,3
"791",NA,3
"792",NA,4
"793",2010-10-25,3
"794",2010-12-28,3
"795",NA,6
"796",2011-05-11,3
"797",2005-08-29,3
"798",NA,6
"799",NA,6
"800",NA,6
"801",NA,6
"802",2012-03-12,6
"803",NA,6
"804",NA,3
"805",NA,3
"806",NA,3
"807",NA,3
"808",NA,3
"809",NA,3
"810",2010-10-01,3
"811",2010-10-01,3
"812",NA,3
"813",NA,3
"814",2010-05-24,3
"815",2008-12-05,7
"816",2010-05-26,3
"817",2010-05-26,3
"818",2010-05-30,3
"819",2010-05-30,3
"820",2010-10-01,4
"821",2012-05-10,6
"822",2010-10-01,4
"823",2013-06-05,3
"824",2013-06-05,3
"825",2011-06-22,6
"826",2013-06-05,3
"827",2011-11-07,3
"828",2013-06-05,3
"829",2013-06-05,3
"830",2013-06-05,3
"831",NA,3
"832",NA,3
"833",2011-11-21,6
"834",2011-10-23,6
"835",2011-10-23,6
"836",NA,3
"837",NA,3
"838",NA,3
"839",NA,3
"840",NA,3
"841",NA,3
"842",NA,3
"843",NA,3
"844",NA,3
"845",NA,3
"846",NA,3
"847",NA,3
"848",NA,3
"849",NA,3
"850",NA,3
"851",NA,3
"852",2011-10-12,3
"853",NA,3
"854",NA,3
"855",NA,3
"856",NA,3
"857",2011-05-10,3
"858",NA,3
"859",2010-09-01,3
"860",NA,3
"861",NA,3
"862",2012-12-07,1
"863",NA,3
"864",2014-03-20,1
"865",2014-03-20,1
"866",2014-03-20,1
"867",NA,3
"868",2013-12-01,2
"869",2006-08-18,NA
"870",2006-08-18,NA
"871",2005-06-01,NA
"872",2005-03-01,NA
"873",2006-08-18,NA
"874",2006-08-18,NA
"875",2006-08-18,NA
"876",2005-12-31,NA
"877",2005-12-01,NA
"878",2005-12-01,NA
"879",2006-06-26,NA
"880",2006-06-15,NA
"881",2006-06-15,NA
"882",2006-06-15,NA
"883",2006-06-15,3
"884",2004-07-01,NA
"885",2004-07-01,NA
"886",2004-08-01,NA
"887",2006-01-05,NA
"888",2006-01-05,NA
"889",2006-06-28,NA
"890",2006-06-28,NA
"891",2006-06-28,NA
"892",2006-06-28,NA
"893",2006-07-17,NA
"894",2006-07-17,NA
"895",2005-04-14,NA
"896",2005-06-24,NA
"897",2005-06-24,NA
"898",2005-06-24,NA
"899",2005-01-19,NA
"900",2005-01-19,NA
"901",2005-08-01,NA
"902",2005-08-01,NA
"903",2005-08-01,NA
"904",2005-08-01,NA
"905",2005-08-01,NA
"906",2005-08-01,NA
"907",2005-08-01,NA
"908",2005-08-01,NA
"909",2005-08-01,NA
"910",2005-08-01,NA
"911",2005-08-01,NA
"912",2005-08-01,NA
"913",2005-08-01,NA
"914",2006-08-18,3
"915",2006-08-18,3
"916",2006-08-18,3
"917",2006-08-18,NA
"918",2005-01-01,NA
"919",2005-04-10,NA
"920",2005-04-10,NA
"921",2005-10-10,NA
"922",2005-04-01,NA
"923",2005-04-01,NA
"924",2005-04-01,NA
"925",2005-04-01,NA
"926",2005-04-01,NA
"927",2005-04-01,NA
"928",2005-06-01,NA
"929",2007-01-01,NA
"930",2008-03-18,NA
"931",2008-11-01,NA
"932",2008-11-01,NA
"933",2008-11-01,NA
"934",2007-11-19,NA
"935",2007-11-19,NA
"936",2007-10-30,NA
"937",2007-10-30,NA
"938",2006-06-12,3
"939",2007-10-30,NA
"940",2007-10-30,NA
"941",2005-12-01,3
"942",2005-12-01,3
"943",2005-12-01,3
"944",2005-12-01,3
"945",2005-12-01,3
"946",2005-12-01,3
"947",2005-12-01,3
"948",2007-09-04,NA
"949",2007-10-31,NA
"950",2007-10-31,NA
"951",2007-10-31,NA
"952",2007-10-31,NA
"953",2007-10-30,NA
"954",2007-10-30,NA
"955",2007-10-31,3
"956",2007-10-31,NA
"957",2007-10-31,NA
"958",2007-10-31,NA
"959",2006-01-01,NA
"960",2007-10-30,NA
"961",2007-10-30,NA
"962",2006-05-01,NA
"963",2007-10-30,NA
"964",2007-08-31,NA
"965",2007-08-31,NA
"966",2006-08-18,NA
"967",2006-08-18,NA
"968",2006-08-18,NA
"969",2006-08-18,NA
"970",2007-12-17,NA
"971",2007-12-17,NA
"972",2007-12-17,NA
"973",2008-04-16,NA
"974",2008-04-16,NA
"975",2008-04-16,NA
"976",2008-03-25,3
"977",2008-06-12,NA
"978",2008-06-12,NA
"979",2008-05-12,NA
"980",2008-05-12,NA
"981",2008-04-22,NA
"982",2008-09-28,3
"983",2008-09-28,3
"984",2008-09-02,NA
"985",2008-09-02,NA
"986",2009-12-01,3
"987",2008-11-01,NA
"988",2006-09-28,NA
"989",2006-09-28,NA
"990",2006-09-28,NA
"991",2007-10-28,NA
"992",2007-10-28,NA
"993",2009-12-02,3
"994",2007-11-23,6
"995",2007-12-25,NA
"996",2007-12-25,3
"997",2007-12-25,NA
"998",2009-12-02,NA
"999",2007-12-25,NA
"1000",2009-08-01,3
"1001",2007-12-25,3
"1002",2007-12-25,3
"1003",2007-12-25,NA
"1004",2009-08-01,3
"1005",2009-12-10,3
"1006",2009-09-01,3
"1007",2009-12-10,3
"1008",2009-12-10,3
"1009",2009-11-10,3
"1010",2009-12-10,3
"1011",2009-11-10,3
"1012",2009-11-10,NA
"1013",2009-05-14,3
"1014",2009-11-10,3
"1015",2008-11-01,NA
"1016",2009-11-10,NA
"1017",2008-11-01,NA
"1018",2009-11-10,NA
"1019",2009-11-10,NA
"1020",2009-11-10,NA
"1021",2009-11-10,NA
"1022",2006-09-28,NA
"1023",2008-11-01,3
"1024",2008-11-01,NA
"1025",2008-11-01,NA
"1026",2008-11-01,NA
"1027",2009-09-04,NA
"1028",2008-11-01,NA
"1029",2008-11-01,NA
"1030",2009-09-04,3
"1031",2008-11-01,NA
"1032",2008-11-01,NA
"1033",2009-10-22,NA
"1034",2008-12-15,3
"1035",2009-10-22,NA
"1036",2011-12-09,3
"1037",2009-10-22,4
"1038",2008-12-26,3
"1039",2009-10-22,NA
"1040",2009-10-22,NA
"1041",2010-08-05,NA
"1042",2010-08-05,NA
"1043",2009-01-09,3
"1044",2009-01-09,3
"1045",2009-01-09,3
"1046",2008-11-01,NA
"1047",2008-11-01,NA
"1048",2010-11-22,3
"1049",2005-07-04,NA
"1050",2004-07-21,NA
"1051",2010-11-24,3
"1052",2010-11-24,3
"1053",2004-07-21,NA
"1054",2004-07-21,NA
"1055",2007-10-31,NA
"1056",2007-10-31,NA
"1057",2010-11-25,3
"1058",2010-11-25,3
"1059",2010-11-25,3
"1060",2009-11-10,NA
"1061",2009-11-10,NA
"1062",2009-11-10,NA
"1063",2009-11-10,NA
"1064",2009-11-10,NA
"1065",2010-11-23,3
"1066",2009-11-10,NA
"1067",2010-11-26,3
"1068",2009-11-10,3
"1069",2010-11-25,3
"1070",2009-11-10,3
"1071",2009-02-11,7
"1072",2009-02-11,7
"1073",2010-11-26,3
"1074",2010-11-26,3
"1075",2010-11-18,3
"1076",2009-02-11,3
"1077",2009-02-11,3
"1078",2009-02-11,NA
"1079",2009-02-11,NA
"1080",2009-02-11,3
"1081",2009-12-17,3
"1082",2009-06-10,NA
"1083",2009-12-25,3
"1084",2009-12-03,NA
"1085",2009-12-25,3
"1086",2013-06-05,3
"1087",2009-09-02,3
"1088",2009-10-23,NA
"1089",2009-09-02,3
"1090",2009-06-12,NA
"1091",2009-12-25,3
"1092",2013-06-05,3
"1093",2013-06-05,3
"1094",2010-07-14,3
"1095",2010-02-20,3
"1096",2010-08-17,NA
"1097",2010-08-30,5
"1098",2010-02-20,3
"1099",NA,3
"1100",NA,3
"1101",2010-02-20,3
"1102",2010-01-01,3
"1103",2010-11-29,3
"1104",2010-09-20,NA
"1105",NA,3
"1106",NA,3
"1107",2010-11-26,3
"1108",NA,3
"1109",NA,3
"1110",NA,3
"1111",2011-03-10,3
"1112",NA,3
"1113",2010-11-20,3
"1114",NA,3
"1115",2012-06-27,3
"1116",2012-05-16,3
"1117",2011-05-31,6
"1118",2012-07-01,3
"1119",NA,3
"1120",2012-07-01,3
"1121",2012-10-29,3
"1122",2011-09-19,3
"1123",2010-08-03,NA
"1124",2011-09-19,3
"1125",2010-09-20,NA
"1126",NA,3
"1127",2010-09-20,3
"1128",NA,3
"1129",NA,3
"1130",NA,3
"1131",2010-09-20,3
"1132",2010-09-20,3
"1133",2013-02-20,3
"1134",2010-02-20,3
"1135",2013-06-05,3
"1136",NA,3
"1137",2011-10-24,3
"1138",NA,3
"1139",2010-11-25,3
"1140",2011-05-10,3
"1141",2010-11-25,3
"1142",2015-03-20,3
"1143",2010-11-26,3
"1144",2010-11-28,3
"1145",2014-09-23,6
"1146",2010-11-28,3
"1147",2010-11-28,3
"1148",2010-11-24,3
"1149",2014-01-01,7
"1150",2014-01-01,7
"1151",NA,3
"1152",2014-01-01,7
"1153",2011-05-11,3
"1154",NA,3
"1155",NA,6
"1156",2010-11-22,3
"1157",2010-11-22,3
"1158",2014-05-20,1
"1159",2010-11-22,3
"1160",2010-05-01,3
"1161",2010-11-27,3
"1162",2010-05-25,3
"1163",2010-05-26,3
"1164",2010-05-30,3
"1165",2010-11-27,3
"1166",2011-12-30,3
"1167",2011-12-30,3
"1168",2010-11-15,3
"1169",2011-12-30,3
"1170",2011-10-23,6
"1171",2011-12-30,3
"1172",2011-12-30,3
"1173",2011-12-30,3
"1174",NA,3
"1175",2009-11-10,3
"1176",2010-09-30,3
"1177",2011-09-06,3
"1178",2011-10-12,3
"1179",2011-10-12,6
"1180",2011-10-12,6
"1181",2011-05-10,3
"1182",2011-05-10,3
"1183",2011-10-12,6
"1184",2011-10-12,6
"1185",2011-10-12,6
"1186",NA,3
"1187",NA,3
"1188",NA,3
"1189",NA,3
"1190",NA,3
"1191",NA,6
"1192",NA,3
"1193",NA,3
"1194",NA,3
"1195",NA,3
"1196",NA,3
"1197",NA,3
"1198",NA,3
"1199",NA,3
"1200",NA,3
"1201",NA,3
"1202",2011-10-24,3
"1203",NA,3
"1204",NA,3
"1205",2011-12-06,3
"1206",NA,3
"1207",2012-04-09,3
"1208",NA,3
"1209",NA,3
"1210",2011-09-12,3
"1211",2012-09-10,3
"1212",2011-09-12,3
"1213",2011-09-30,3
"1214",2011-09-12,3
"1215",2011-09-30,3
"1216",2011-09-06,3
"1217",2011-12-30,3
"1218",2011-06-30,3
"1219",2011-12-30,3
"1220",2012-05-21,6
"1221",2012-05-31,6
"1222",2012-05-07,3
"1223",2012-05-31,3
"1224",2012-05-15,3
"1225",2012-05-10,3
"1226",2012-05-30,3
"1227",2012-05-30,3
"1228",2012-05-30,3
"1229",2012-05-30,3
"1230",2012-05-02,3
"1231",2012-05-02,3
"1232",2012-05-02,3
"1233",2012-05-31,3
"1234",2012-05-01,3
"1235",2012-05-08,6
"1236",NA,3
"1237",NA,3
"1238",NA,3
"1239",NA,3
"1240",NA,3
"1241",2010-12-17,3
"1242",2010-12-17,3
"1243",2010-12-17,3
"1244",2012-02-29,3
"1245",2012-02-29,3
"1246",2012-02-29,3
"1247",2012-02-29,3
"1248",2011-12-09,3
"1249",2011-12-09,6
"1250",2011-12-09,6
"1251",2011-12-09,6
"1252",2011-12-09,3
"1253",2011-12-09,3
"1254",2011-12-09,3
"1255",2011-12-09,3
"1256",NA,3
"1257",NA,3
"1258",NA,3
"1259",NA,3
"1260",NA,3
"1261",2013-06-05,3
"1262",2013-06-05,3
"1263",NA,3
"1264",NA,3
"1265",NA,3
"1266",2012-09-26,6
"1267",NA,3
"1268",NA,3
"1269",NA,3
"1270",NA,3
"1271",NA,3
"1272",2012-05-01,3
"1273",2012-05-21,6
"1274",2012-05-10,6
"1275",2012-05-10,6
"1276",2012-05-01,3
"1277",2012-05-17,3
"1278",2012-05-17,3
"1279",2012-06-01,6
"1280",2012-05-15,6
"1281",2012-05-15,6
"1282",2012-06-01,6
"1283",2012-06-01,6
"1284",2012-05-02,4
"1285",2012-05-01,6
"1286",2012-05-01,6
"1287",2012-05-01,6
"1288",2012-05-16,3
"1289",2012-01-16,3
"1290",2012-01-23,3
"1291",2012-01-23,8
"1292",2012-01-23,8
"1293",2012-01-23,8
"1294",2012-01-23,8
"1295",2012-01-23,8
"1296",2012-04-01,3
"1297",2012-02-20,3
"1298",2012-02-20,3
"1299",2012-02-20,3
"1300",2012-02-13,6
"1301",2012-02-13,6
"1302",2012-02-13,6
"1303",2006-03-20,3
"1304",2012-03-01,6
"1305",2012-03-01,6
"1306",2012-03-12,6
"1307",2012-03-12,6
"1308",2012-03-01,6
"1309",NA,3
"1310",NA,3
"1311",NA,3
"1312",NA,3
"1313",NA,3
"1314",NA,3
"1315",NA,3
"1316",NA,3
"1317",NA,3
"1318",NA,3
"1319",NA,3
"1320",NA,3
"1321",NA,3
"1322",NA,3
"1323",NA,3
"1324",2012-07-01,6
"1325",2013-06-05,3
"1326",2013-06-05,3
"1327",2013-06-05,3
"1328",2013-06-05,3
"1329",2013-06-05,3
"1330",NA,3
"1331",NA,3
"1332",NA,3
"1333",NA,3
"1334",NA,3
"1335",NA,3
"1336",2011-11-21,6
"1337",2011-11-21,6
"1338",2011-11-21,6
"1339",2010-12-17,3
"1340",2010-12-17,3
"1341",2010-12-17,3
"1342",2011-12-30,3
"1343",2012-12-29,3
"1344",NA,3
"1345",NA,3
"1346",NA,3
"1347",NA,3
"1348",NA,3
"1349",NA,3
"1350",NA,3
"1351",NA,3
"1352",NA,3
"1353",NA,3
"1354",NA,3
"1355",NA,3
"1356",NA,3
"1357",NA,3
"1358",NA,3
"1359",NA,3
"1360",NA,3
"1361",NA,3
"1362",NA,3
"1363",NA,3
"1364",NA,3
"1365",NA,3
"1366",NA,3
"1367",NA,3
"1368",NA,3
"1369",NA,3
"1370",2012-12-07,1
"1371",2012-12-07,1
"1372",2012-12-07,1
"1373",2014-03-20,1
"1374",2014-03-20,1
"1375",2014-03-20,1
"1376",2014-03-20,1
"1377",2014-03-20,1
"1378",2013-10-15,6
"1379",2012-12-22,7
"1380",2014-01-01,2
"1381",2013-06-05,3
"1382",2007-09-04,NA
"1383",2007-10-30,NA
"1384",2007-10-30,NA
"1385",2007-10-31,NA
"1386",2007-08-30,NA
"1387",2007-08-30,NA
"1388",2007-08-30,NA
"1389",2007-09-14,NA
"1390",2006-08-01,NA
"1391",2006-08-01,NA
"1392",2006-08-01,NA
"1393",2006-08-01,NA
"1394",2006-08-01,NA
"1395",2007-10-30,NA
"1396",2006-01-01,NA
"1397",2006-04-01,NA
"1398",2006-04-01,NA
"1399",2006-04-01,NA
"1400",2007-10-30,NA
"1401",2006-05-01,NA
"1402",2007-08-31,NA
"1403",2009-02-11,3
"1404",2009-02-11,3
"1405",2008-03-25,3
"1406",2008-03-25,3
"1407",2008-03-25,3
"1408",2008-06-12,NA
"1409",2008-06-12,NA
"1410",2008-03-25,3
"1411",2007-12-17,NA
"1412",2007-12-17,NA
"1413",2007-12-17,NA
"1414",2008-11-01,NA
"1415",2008-11-01,1
"1416",2008-11-01,NA
"1417",2009-12-01,3
"1418",2009-12-02,5
"1419",2007-10-30,NA
"1420",2007-10-30,NA
"1421",2007-01-20,NA
"1422",2009-12-02,3
"1423",2009-12-02,3
"1424",2007-12-25,NA
"1425",2007-12-25,3
"1426",2009-12-02,NA
"1427",2007-12-25,NA
"1428",2009-08-01,3
"1429",2009-08-01,3
"1430",2007-12-25,NA
"1431",2009-10-22,NA
"1432",2009-09-01,3
"1433",2009-12-10,3
"1434",2009-12-02,NA
"1435",2009-12-02,NA
"1436",2009-12-02,NA
"1437",2009-12-10,3
"1438",2009-11-10,3
"1439",2007-07-02,3
"1440",2009-11-10,3
"1441",2008-11-01,NA
"1442",2009-11-10,NA
"1443",2008-11-01,NA
"1444",2009-11-10,NA
"1445",2008-11-01,NA
"1446",2008-11-01,NA
"1447",2008-11-01,NA
"1448",2008-11-01,NA
"1449",2008-11-01,NA
"1450",2006-09-28,NA
"1451",2009-09-11,NA
"1452",2009-09-04,NA
"1453",2009-09-04,3
"1454",2008-11-01,NA
"1455",2009-09-04,NA
"1456",2008-11-01,NA
"1457",2009-07-01,3
"1458",2008-12-12,NA
"1459",2009-10-22,NA
"1460",2009-10-22,NA
"1461",2011-12-09,3
"1462",2009-10-22,4
"1463",2011-12-09,3
"1464",2009-10-22,4
"1465",2008-12-26,3
"1466",2008-11-01,NA
"1467",2009-01-09,3
"1468",2009-01-09,3
"1469",2010-11-22,3
"1470",2010-11-22,3
"1471",2010-11-22,3
"1472",2005-07-04,NA
"1473",2010-11-22,3
"1474",2004-07-21,NA
"1475",2004-07-21,NA
"1476",2010-11-23,3
"1477",2004-07-21,NA
"1478",2010-11-25,3
"1479",2007-10-31,NA
"1480",2007-10-31,NA
"1481",2009-12-25,3
"1482",2009-09-09,NA
"1483",2009-12-25,3
"1484",2009-12-25,3
"1485",2009-12-25,3
"1486",2013-06-05,3
"1487",2010-07-14,3
"1488",2010-02-20,3
"1489",2010-07-14,3
"1490",2010-02-20,3
"1491",2013-06-05,3
"1492",2010-02-20,3
"1493",2010-02-20,6
"1494",NA,3
"1495",2010-01-01,3
"1496",2010-01-01,3
"1497",NA,3
"1498",NA,3
"1499",NA,3
"1500",NA,3
"1501",2010-10-20,3
"1502",2010-06-19,3
"1503",NA,3
"1504",2010-11-26,3
"1505",2010-08-18,6
"1506",2010-11-26,3
"1507",NA,3
"1508",2011-04-06,3
"1509",2011-01-15,3
"1510",2011-02-12,6
"1511",2010-11-20,3
"1512",2012-07-01,3
"1513",2009-01-01,3
"1514",2012-07-01,3
"1515",NA,3
"1516",2011-09-19,3
"1517",2012-10-29,3
"1518",2010-08-03,NA
"1519",2010-08-03,3
"1520",NA,3
"1521",2010-09-20,NA
"1522",2010-09-20,NA
"1523",NA,3
"1524",2010-09-20,NA
"1525",NA,3
"1526",2010-09-20,NA
"1527",NA,3
"1528",NA,3
"1529",2010-02-20,3
"1530",2010-08-05,NA
"1531",2010-04-12,3
"1532",2011-05-18,NA
"1533",2010-04-12,NA
"1534",NA,3
"1535",2011-05-10,3
"1536",NA,3
"1537",NA,3
"1538",NA,3
"1539",NA,3
"1540",2011-09-30,3
"1541",2011-09-30,3
"1542",2011-09-30,3
"1543",2011-09-30,3
"1544",2011-09-30,3
"1545",2011-09-30,3
"1546",2013-04-22,1
"1547",2010-11-19,3
"1548",NA,3
"1549",2014-01-01,7
"1550",2011-05-11,3
"1551",2010-11-22,3
"1552",2010-11-22,3
"1553",2010-11-22,3
"1554",2010-11-22,3
"1555",NA,6
"1556",2009-12-21,3
"1557",2010-10-01,3
"1558",2010-10-01,3
"1559",2010-05-01,3
"1560",2010-11-27,3
"1561",2010-05-01,3
"1562",2010-11-27,3
"1563",2010-11-27,3
"1564",2010-11-27,3
"1565",2010-05-30,3
"1566",2010-10-01,4
"1567",2010-10-01,4
"1568",2010-10-01,4
"1569",2010-05-17,4
"1570",2010-05-27,4
"1571",2011-11-07,6
"1572",2010-12-17,3
"1573",2006-12-01,6
"1574",2010-12-17,3
"1575",2010-12-17,3
"1576",2010-12-17,3
"1577",2011-06-15,6
"1578",NA,3
"1579",2011-05-30,6
"1580",2010-12-13,7
"1581",2010-12-17,3
"1582",2010-12-17,3
"1583",2010-11-04,3
"1584",2010-11-04,3
"1585",2011-12-30,3
"1586",2011-03-29,3
"1587",2012-12-30,3
"1588",NA,3
"1589",NA,3
"1590",NA,3
"1591",2011-12-30,3
"1592",NA,3
"1593",2006-10-09,6
"1594",2011-09-30,3
"1595",2011-05-10,3
"1596",2011-05-10,3
"1597",2011-05-10,3
"1598",NA,3
"1599",2010-12-30,6
"1600",2011-05-10,3
"1601",NA,3
"1602",NA,3
"1603",NA,3
"1604",NA,3
"1605",NA,3
"1606",NA,3
"1607",NA,3
"1608",NA,3
"1609",NA,3
"1610",NA,3
"1611",NA,3
"1612",NA,3
"1613",NA,3
"1614",NA,3
"1615",NA,3
"1616",NA,3
"1617",NA,3
"1618",NA,3
"1619",NA,3
"1620",NA,3
"1621",NA,3
"1622",NA,3
"1623",2011-10-24,7
"1624",2011-10-24,7
"1625",2011-10-24,3
"1626",2011-10-24,3
"1627",NA,3
"1628",2011-10-24,3
"1629",2011-12-09,3
"1630",2008-11-27,3
"1631",NA,3
"1632",2011-09-30,3
"1633",NA,3
"1634",2012-04-09,3
"1635",2012-04-09,3
"1636",2012-04-16,3
"1637",2012-04-16,3
"1638",2012-04-16,3
"1639",2011-09-12,3
"1640",2011-09-30,3
"1641",2011-09-06,3
"1642",2011-09-30,3
"1643",2011-09-06,3
"1644",2011-12-30,3
"1645",2012-05-14,3
"1646",2011-12-30,3
"1647",2011-12-30,3
"1648",2011-12-30,3
"1649",2009-12-01,3
"1650",2009-12-01,3
"1651",2009-12-03,NA
"1652",2009-11-10,NA
"1653",2009-11-10,NA
"1654",2009-11-10,NA
"1655",2009-11-10,NA
"1656",2010-11-25,3
"1657",2010-11-23,3
"1658",2009-11-10,3
"1659",2009-11-10,3
"1660",2010-11-25,3
"1661",2009-11-10,3
"1662",2009-11-10,3
"1663",2010-11-21,3
"1664",2009-11-10,3
"1665",2010-11-25,3
"1666",2009-02-11,3
"1667",2009-02-11,3
"1668",2009-02-11,3
"1669",2009-02-11,3
"1670",2009-02-11,6
"1671",2009-02-11,6
"1672",2010-11-18,3
"1673",2009-12-07,3
"1674",2009-02-17,3
"1675",2009-09-16,NA
"1676",2009-06-25,NA
"1677",2009-12-03,NA
"1678",2009-12-25,3
"1679",2009-12-03,NA
"1680",2009-09-16,NA
"1681",2009-09-09,NA
"1682",2009-12-25,NA
"1683",2013-06-05,3
"1684",2009-06-12,NA
"1685",2009-12-25,3
"1686",2009-12-25,3
"1687",2010-07-14,3
"1688",2009-12-25,3
"1689",2009-12-25,3
"1690",2010-07-14,3
"1691",2010-02-20,3
"1692",2010-07-14,3
"1693",2009-11-01,7
"1694",2010-07-05,NA
"1695",NA,3
"1696",2010-01-01,3
"1697",2010-02-20,3
"1698",2010-01-01,3
"1699",2010-02-20,3
"1700",2010-01-01,3
"1701",2010-11-24,3
"1702",2010-07-12,4
"1703",2010-07-12,4
"1704",2010-11-26,3
"1705",2010-08-18,6
"1706",2010-08-18,6
"1707",2010-11-26,3
"1708",2010-07-14,3
"1709",2010-11-26,3
"1710",2010-11-24,3
"1711",NA,3
"1712",2010-11-20,3
"1713",2011-05-31,6
"1714",2010-11-20,3
"1715",2009-09-01,3
"1716",2010-02-20,3
"1717",2010-02-20,3
"1718",2010-05-08,7
"1719",2010-06-08,NA
"1720",2010-06-30,NA
"1721",2010-06-30,NA
"1722",2012-10-29,3
"1723",NA,3
"1724",2011-09-19,3
"1725",NA,3
"1726",2010-09-20,NA
"1727",NA,3
"1728",NA,3
"1729",2010-07-05,NA
"1730",2010-08-05,NA
"1731",2013-06-05,3
"1732",2010-08-05,NA
"1733",2009-04-12,NA
"1734",2011-05-18,NA
"1735",2011-04-18,3
"1736",NA,6
"1737",NA,3
"1738",2011-05-10,3
"1739",2010-11-24,3
"1740",2011-05-10,3
"1741",2010-11-25,3
"1742",2010-11-28,3
"1743",2014-05-01,6
"1744",2010-11-28,3
"1745",2013-04-22,1
"1746",2011-09-30,3
"1747",2011-12-26,3
"1748",NA,3
"1749",2010-11-19,3
"1750",2010-11-19,3
"1751",2010-11-19,3
"1752",2014-01-01,7
"1753",NA,3
"1754",NA,3
"1755",NA,3
"1756",2014-05-20,1
"1757",2010-11-22,3
"1758",2005-06-01,NA
"1759",2005-06-01,NA
"1760",2005-03-01,NA
"1761",2006-08-18,NA
"1762",2006-08-18,NA
"1763",2005-12-31,NA
"1764",2005-12-31,NA
"1765",2006-06-26,NA
"1766",2006-06-15,NA
"1767",2006-06-15,3
"1768",2004-08-01,NA
"1769",2004-08-01,NA
"1770",2006-06-28,NA
"1771",2005-01-01,NA
"1772",2007-05-21,NA
"1773",2007-05-21,NA
"1774",2007-05-21,NA
"1775",2005-04-14,NA
"1776",2005-04-14,NA
"1777",2005-06-24,NA
"1778",2005-01-19,NA
"1779",2005-01-19,NA
"1780",2005-08-01,NA
"1781",2005-08-01,NA
"1782",2005-08-01,NA
"1783",2005-08-01,NA
"1784",2005-08-01,NA
"1785",2005-08-01,NA
"1786",2005-08-01,NA
"1787",2005-08-01,NA
"1788",2005-08-01,NA
"1789",2006-08-18,3
"1790",2006-08-18,NA
"1791",2005-01-01,NA
"1792",2005-04-10,NA
"1793",2005-04-10,NA
"1794",2005-10-10,NA
"1795",2005-10-10,NA
"1796",2005-04-01,NA
"1797",2005-04-01,NA
"1798",2005-04-01,NA
"1799",2005-04-01,NA
"1800",2005-04-01,NA
"1801",2005-04-01,NA
"1802",2005-04-01,NA
"1803",2005-06-01,NA
"1804",2005-06-01,NA
"1805",2007-01-01,NA
"1806",2007-01-01,NA
"1807",2007-01-01,NA
"1808",2007-01-01,NA
"1809",2007-10-30,NA
"1810",2007-10-30,NA
"1811",2006-12-20,NA
"1812",2007-10-30,NA
"1813",2008-03-18,NA
"1814",2008-11-01,NA
"1815",2008-11-01,NA
"1816",2008-11-01,NA
"1817",2007-10-30,NA
"1818",2007-10-30,NA
"1819",2007-10-30,NA
"1820",2006-06-12,3
"1821",2007-06-12,NA
"1822",2005-12-01,3
"1823",2005-12-01,3
"1824",2007-10-09,3
"1825",2007-10-30,NA
"1826",2007-10-30,NA
"1827",2007-08-30,NA
"1828",2007-09-14,NA
"1829",2007-09-14,NA
"1830",2007-09-14,NA
"1831",2006-08-01,NA
"1832",2006-08-01,NA
"1833",2006-08-01,NA
"1834",2007-08-30,NA
"1835",2006-01-01,NA
"1836",2006-05-01,NA
"1837",2007-08-31,NA
"1838",2007-08-31,NA
"1839",2007-08-31,NA
"1840",2006-08-31,NA
"1841",2006-08-18,NA
"1842",2006-08-18,NA
"1843",2006-08-18,NA
"1844",2006-08-18,NA
"1845",2006-08-18,NA
"1846",2006-08-18,NA
"1847",2006-08-18,NA
"1848",2006-08-18,NA
"1849",2007-12-17,NA
"1850",2008-04-16,NA
"1851",2008-06-12,NA
"1852",2008-05-12,NA
"1853",2008-05-12,NA
"1854",2008-05-12,NA
"1855",2008-06-20,NA
"1856",2008-09-28,NA
"1857",2008-09-28,NA
"1858",2008-09-28,NA
"1859",2008-09-28,NA
"1860",2008-09-28,NA
"1861",2008-09-28,3
"1862",2008-09-28,3
"1863",2008-09-28,3
"1864",2008-09-28,3
"1865",2008-09-28,3
"1866",2008-09-02,NA
"1867",2008-11-01,3
"1868",2008-11-01,1
"1869",2008-11-01,NA
"1870",2007-10-28,NA
"1871",2007-10-28,NA
"1872",2007-10-30,NA
"1873",2007-10-30,NA
"1874",2007-10-30,NA
"1875",2007-10-30,NA
"1876",2007-10-30,NA
"1877",2008-01-10,3
"1878",2006-05-22,3
"1879",2007-07-05,3
"1880",2007-10-31,3
"1881",2007-10-31,3
"1882",2007-11-23,6
"1883",2007-12-07,3
"1884",2007-12-07,3
"1885",2007-12-24,3
"1886",2007-12-25,NA
"1887",2007-12-25,NA
"1888",2007-12-25,NA
"1889",2007-12-25,NA
"1890",2007-12-25,3
"1891",2007-12-25,3
"1892",2007-12-25,3
"1893",2007-12-25,3
"1894",2007-12-25,NA
"1895",2007-12-25,3
"1896",2007-12-25,3
"1897",2007-12-25,3
"1898",2007-12-25,NA
"1899",2007-12-25,NA
"1900",2007-12-25,NA
"1901",2007-12-25,NA
"1902",2009-10-22,NA
"1903",2009-10-22,NA
"1904",2009-11-10,NA
"1905",2009-11-10,NA
"1906",2009-11-10,NA
"1907",2009-11-10,NA
"1908",2007-07-02,3
"1909",2008-11-01,NA
"1910",2013-06-05,3
"1911",2008-11-01,NA
"1912",2008-11-01,NA
"1913",2008-11-01,NA
"1914",2008-11-01,NA
"1915",2013-06-05,3
"1916",2013-06-05,3
"1917",2013-06-05,3
"1918",NA,3
"1919",2014-03-05,4
"1920",2009-01-09,3
"1921",2009-01-09,3
"1922",2009-01-09,3
"1923",NA,3
"1924",2009-01-09,3
"1925",NA,3
"1926",NA,3
"1927",NA,3
"1928",2005-05-18,NA
"1929",2005-05-18,NA
"1930",2004-06-28,NA
"1931",2004-07-21,NA
"1932",NA,3
"1933",2004-07-21,NA
"1934",2004-07-21,NA
"1935",NA,3
"1936",NA,3
"1937",NA,3
"1938",2007-10-31,NA
"1939",2007-10-31,NA
"1940",NA,3
"1941",NA,3
"1942",NA,3
"1943",NA,3
"1944",NA,3
"1945",NA,3
"1946",2012-06-27,3
"1947",2012-06-27,3
"1948",2012-07-15,4
"1949",2012-05-16,3
"1950",2012-05-16,3
"1951",2012-07-01,3
"1952",2012-07-01,3
"1953",2012-10-29,3
"1954",2012-10-29,3
"1955",NA,3
"1956",NA,3
"1957",NA,3
"1958",NA,3
"1959",NA,3
"1960",NA,3
"1961",2012-11-28,3
"1962",2012-05-18,6
"1963",2012-10-01,6
"1964",2013-06-05,3
"1965",2013-06-05,3
"1966",NA,3
"1967",NA,3
"1968",NA,3
"1969",NA,3
"1970",2013-04-22,1
"1971",2014-01-01,7
"1972",2014-01-01,7
"1973",2014-01-01,7
"1974",2014-01-01,7
"1975",2012-11-30,2
"1976",2007-10-31,NA
"1977",2007-10-31,NA
"1978",2007-10-30,NA
"1979",NA,3
"1980",2007-10-30,NA
"1981",NA,3
"1982",NA,3
"1983",2008-03-25,3
"1984",2014-05-20,1
"1985",2007-12-17,NA
"1986",2007-12-17,NA
"1987",2007-12-17,NA
"1988",2009-12-01,3
"1989",2009-12-01,3
"1990",2009-12-01,3
"1991",2009-12-01,3
"1992",2009-12-01,3
"1993",2009-12-02,NA
"1994",2009-12-02,5
"1995",2009-12-02,5
"1996",2009-12-02,5
"1997",2009-12-02,3
"1998",2009-12-02,NA
"1999",2009-12-02,NA
"2000",2009-12-02,NA
"2001",2009-08-01,3
"2002",2009-08-01,3
"2003",2009-08-01,3
"2004",2009-08-01,3
"2005",2009-08-01,3
"2006",2009-08-01,3
"2007",2009-09-01,3
"2008",2009-09-01,3
"2009",2009-09-01,3
"2010",2009-12-02,NA
"2011",2009-12-02,NA
"2012",2009-11-10,NA
"2013",2009-11-10,NA
"2014",2009-11-10,NA
"2015",2009-11-10,NA
"2016",2009-11-10,NA
"2017",2009-11-10,NA
"2018",2009-11-10,NA
"2019",2006-09-28,NA
"2020",2009-09-11,NA
"2021",2009-09-11,NA
"2022",2009-09-11,NA
"2023",2009-09-11,NA
"2024",2009-09-26,NA
"2025",2009-09-04,NA
"2026",2009-09-04,3
"2027",2009-09-04,NA
"2028",2009-09-04,NA
"2029",2009-09-04,NA
"2030",2009-09-04,3
"2031",2009-09-04,3
"2032",2009-02-12,NA
"2033",2009-02-12,NA
"2034",2009-10-31,3
"2035",2009-10-31,3
"2036",2009-10-22,NA
"2037",2009-10-22,NA
"2038",2009-10-22,4
"2039",2009-10-22,4
"2040",2011-12-30,3
"2041",2011-12-30,3
"2042",2011-12-30,3
"2043",2010-11-22,3
"2044",2010-11-22,3
"2045",2011-12-30,3
"2046",2012-12-30,3
"2047",2010-11-23,3
"2048",2009-12-01,3
"2049",2010-11-25,3
"2050",2010-11-25,3
"2051",2010-11-25,3
"2052",2010-11-25,3
"2053",2010-11-25,3
"2054",2010-11-23,3
"2055",2010-11-25,3
"2056",2010-11-25,3
"2057",2010-11-25,3
"2058",2009-11-10,3
"2059",2009-11-10,NA
"2060",2010-11-21,3
"2061",2009-11-10,3
"2062",2011-05-10,3
"2063",2011-05-10,3
"2064",2011-05-10,3
"2065",2010-11-25,3
"2066",2006-12-13,3
"2067",NA,6
"2068",NA,3
"2069",NA,3
"2070",2009-02-11,3
"2071",2010-11-18,3
"2072",2010-11-29,3
"2073",NA,6
"2074",NA,3
"2075",2009-02-11,3
"2076",NA,3
"2077",NA,3
"2078",NA,3
"2079",NA,3
"2080",NA,3
"2081",NA,3
"2082",2009-06-25,NA
"2083",2011-09-12,3
"2084",2009-12-03,NA
"2085",2009-12-25,3
"2086",2009-09-02,3
"2087",2009-12-25,3
"2088",2009-12-25,NA
"2089",2010-07-14,3
"2090",2010-07-14,3
"2091",2010-07-14,3
"2092",2009-12-25,3
"2093",2011-09-06,3
"2094",2010-07-14,3
"2095",2010-07-14,NA
"2096",2010-07-14,3
"2097",2009-11-23,3
"2098",2011-11-25,3
"2099",2010-08-17,3
"2100",2012-05-14,3
"2101",2012-05-21,6
"2102",2010-07-05,NA
"2103",2009-12-25,3
"2104",2012-06-01,3
"2105",2012-05-07,3
"2106",2010-08-30,5
"2107",2012-05-15,3
"2108",2012-05-31,6
"2109",2010-02-20,3
"2110",2010-02-20,3
"2111",2012-05-31,3
"2112",2012-05-31,3
"2113",2012-05-01,3
"2114",2010-07-21,NA
"2115",2009-11-01,7
"2116",2012-05-21,3
"2117",2010-11-26,3
"2118",2012-05-15,3
"2119",2010-11-26,3
"2120",2010-02-20,3
"2121",2010-11-29,3
"2122",NA,3
"2123",2010-11-29,3
"2124",2010-12-17,3
"2125",2010-11-22,3
"2126",2010-12-17,3
"2127",2010-11-25,3
"2128",2010-11-25,3
"2129",2010-05-21,NA
"2130",2012-02-29,3
"2131",2009-09-01,3
"2132",2009-09-01,NA
"2133",2011-05-18,3
"2134",2012-02-29,3
"2135",2012-02-29,3
"2136",2011-12-09,3
"2137",2011-12-09,3
"2138",2011-12-09,3
"2139",NA,3
"2140",NA,3
"2141",2010-08-03,NA
"2142",2012-12-13,3
"2143",2010-08-03,NA
"2144",2010-02-20,3
"2145",2010-02-20,3
"2146",2010-09-20,NA
"2147",2010-09-20,NA
"2148",2010-01-04,3
"2149",NA,3
"2150",2009-04-12,NA
"2151",2011-05-18,NA
"2152",2011-05-10,3
"2153",2010-09-20,NA
"2154",2012-05-01,3
"2155",2012-05-10,4
"2156",2011-09-30,3
"2157",2011-09-30,3
"2158",2010-09-20,3
"2159",2011-07-22,6
"2160",2010-08-05,NA
"2161",2011-05-18,NA
"2162",2011-05-18,NA
"2163",2011-04-18,3
"2164",2011-04-11,7
"2165",2011-04-11,7
"2166",2008-10-01,6
"2167",2010-11-22,3
"2168",2010-11-24,3
"2169",2010-12-01,3
"2170",2010-11-25,3
"2171",NA,6
"2172",2012-01-23,8
"2173",2012-01-23,8
"2174",2010-05-01,3
"2175",2010-10-01,3
"2176",2010-11-28,3
"2177",2010-10-01,3
"2178",2010-11-19,3
"2179",2008-04-15,3
"2180",2012-03-01,6
"2181",2010-11-27,3
"2182",2010-11-27,3
"2183",2010-11-23,3
"2184",2013-06-05,3
"2185",2008-11-01,NA
"2186",2008-11-01,NA
"2187",2008-11-01,NA
"2188",2008-11-01,NA
"2189",2008-11-01,NA
"2190",2008-11-01,3
"2191",2013-06-05,3
"2192",2008-11-01,NA
"2193",2008-11-01,NA
"2194",2008-12-12,NA
"2195",2008-12-15,3
"2196",2008-03-03,3
"2197",2008-03-03,3
"2198",2008-12-26,3
"2199",2009-01-09,3
"2200",2009-01-09,3
"2201",2014-03-05,3
"2202",NA,3
"2203",2009-01-09,3
"2204",2009-01-09,3
"2205",NA,3
"2206",2009-01-09,3
"2207",2008-11-01,NA
"2208",2008-11-01,NA
"2209",2008-11-01,NA
"2210",2005-05-18,NA
"2211",NA,3
"2212",NA,3
"2213",2004-07-21,NA
"2214",NA,3
"2215",2004-07-21,NA
"2216",2004-07-21,NA
"2217",2004-07-21,NA
"2218",2004-07-21,NA
"2219",NA,3
"2220",2007-10-31,NA
"2221",2007-10-31,NA
"2222",2007-10-31,NA
"2223",2012-11-30,2
"2224",NA,3
"2225",2007-10-30,NA
"2226",NA,3
"2227",2009-02-11,3
"2228",2014-05-20,1
"2229",2007-12-17,NA
"2230",2009-10-22,NA
"2231",2010-08-05,3
"2232",2010-08-05,3
"2233",2010-08-05,3
"2234",2010-08-05,3
"2235",2010-08-05,NA
"2236",2011-12-30,3
"2237",2010-11-22,3
"2238",2010-11-24,3
"2239",2010-11-24,3
"2240",2009-12-01,3
"2241",2009-12-01,3
"2242",2010-11-25,3
"2243",2009-12-01,3
"2244",2009-12-01,3
"2245",2009-12-31,3
"2246",2009-11-10,NA
"2247",2009-11-10,NA
"2248",2009-11-10,NA
"2249",2009-11-10,NA
"2250",2009-11-10,NA
"2251",2009-11-10,NA
"2252",2009-11-10,NA
"2253",2009-11-10,3
"2254",2006-10-09,6
"2255",2009-11-10,3
"2256",2009-11-10,NA
"2257",2010-11-29,3
"2258",NA,4
"2259",2011-10-12,6
"2260",2009-02-11,7
"2261",2010-11-25,3
"2262",2010-11-29,3
"2263",2010-11-18,3
"2264",2009-02-11,3
"2265",2009-02-11,3
"2266",2009-06-25,3
"2267",2009-02-17,3
"2268",2009-02-17,3
"2269",2009-06-25,NA
"2270",NA,3
"2271",2009-12-03,NA
"2272",2011-09-12,3
"2273",2011-09-12,3
"2274",2009-09-09,NA
"2275",2009-12-25,3
"2276",2009-09-02,3
"2277",2011-09-06,3
"2278",2009-12-25,NA
"2279",2011-09-06,3
"2280",2011-09-06,3
"2281",2010-07-14,3
"2282",2009-12-25,3
"2283",2009-12-25,3
"2284",2009-12-25,3
"2285",2009-12-25,3
"2286",2009-12-25,3
"2287",2010-08-17,NA
"2288",2012-05-21,6
"2289",2012-06-01,3
"2290",2010-08-30,5
"2291",2010-02-20,3
"2292",2010-02-20,3
"2293",2012-06-01,3
"2294",2010-01-01,3
"2295",2012-05-02,3
"2296",2009-11-01,7
"2297",2009-11-01,7
"2298",2010-10-25,NA
"2299",2010-09-09,NA
"2300",2009-11-01,7
"2301",2009-11-01,7
"2302",2009-11-01,7
"2303",2009-11-01,7
"2304",2010-02-20,3
"2305",2010-11-26,3
"2306",NA,3
"2307",2010-11-29,3
"2308",NA,3
"2309",2010-11-29,3
"2310",2010-11-29,3
"2311",2010-11-24,3
"2312",2010-11-20,3
"2313",2012-02-29,3
"2314",2010-11-20,3
"2315",2012-02-29,3
"2316",2011-04-05,6
"2317",2010-02-20,3
"2318",2010-02-20,3
"2319",2010-02-20,3
"2320",2011-03-25,3
"2321",2010-02-20,3
"2322",2011-09-19,3
"2323",2011-09-19,3
"2324",2011-09-19,3
"2325",NA,3
"2326",2011-09-19,3
"2327",NA,3
"2328",2010-08-03,3
"2329",NA,3
"2330",2010-05-20,3
"2331",2010-09-20,3
"2332",2010-11-30,3
"2333",2010-09-20,NA
"2334",2010-09-20,NA
"2335",NA,3
"2336",NA,3
"2337",2011-09-30,3
"2338",2010-09-20,NA
"2339",2010-09-20,NA
"2340",2012-05-10,4
"2341",2011-07-22,6
"2342",2010-07-05,NA
"2343",2012-05-01,6
"2344",2012-05-01,6
"2345",2011-12-26,3
"2346",2012-05-16,3
"2347",2010-06-15,6
"2348",2012-01-23,8
"2349",NA,3
"2350",NA,3
"2351",NA,3
"2352",2012-01-23,8
"2353",2011-05-11,3
"2354",2012-01-23,8
"2355",NA,6
"2356",2010-11-28,3
"2357",2010-10-01,3
"2358",2010-11-27,3
"2359",2010-11-24,3
"2360",2010-05-24,3
"2361",2010-05-24,3
"2362",2010-11-22,3
"2363",2012-03-12,6
"2364",2010-05-01,3
"2365",NA,3
"2366",2010-05-25,3
"2367",NA,3
"2368",2010-05-26,3
"2369",NA,3
"2370",NA,3
"2371",2010-05-28,4
"2372",NA,3
"2373",NA,3
"2374",2010-12-17,3
"2375",2010-12-17,3
"2376",NA,3
"2377",NA,3
"2378",NA,3
"2379",NA,3
"2380",NA,3
"2381",2010-11-04,3
"2382",2011-04-03,2
"2383",NA,3
"2384",2011-01-15,3
"2385",NA,3
"2386",2012-05-10,6
"2387",NA,3
"2388",NA,6
"2389",NA,6
"2390",NA,6
"2391",NA,3
"2392",2013-06-05,3
"2393",2013-06-05,3
"2394",2013-06-05,3
"2395",2013-06-05,3
"2396",2011-09-30,3
"2397",2013-06-05,3
"2398",2011-10-12,3
"2399",NA,3
"2400",2011-10-12,6
"2401",2010-12-17,3
"2402",2011-10-12,6
"2403",2010-12-17,3
"2404",2010-12-17,3
"2405",2011-10-12,6
"2406",NA,3
"2407",2011-05-10,3
"2408",2011-05-10,3
"2409",2011-05-10,3
"2410",2011-05-10,3
"2411",NA,3
"2412",NA,3
"2413",NA,3
"2414",NA,3
"2415",NA,3
"2416",NA,3
"2417",NA,3
"2418",NA,3
"2419",NA,3
"2420",NA,3
"2421",NA,3
"2422",NA,3
"2423",NA,3
"2424",2014-05-07,6
"2425",2014-05-07,6
"2426",NA,3
"2427",NA,3
"2428",2011-10-24,3
"2429",2011-10-24,3
"2430",2013-06-05,3
"2431",2013-06-05,3
"2432",2011-10-24,3
"2433",2011-10-24,3
"2434",2011-10-24,3
"2435",2011-09-24,3
"2436",2011-09-24,3
"2437",2011-12-09,3
"2438",2011-12-09,3
"2439",2008-11-27,3
"2440",2008-11-27,3
"2441",2011-12-06,3
"2442",2012-05-04,6
"2443",2012-05-04,6
"2444",2012-04-02,6
"2445",2012-04-02,6
"2446",2011-09-30,3
"2447",2012-04-09,3
"2448",2012-04-09,3
"2449",2012-04-09,3
"2450",2011-10-16,3
"2451",2012-04-16,3
"2452",2012-04-16,3
"2453",2012-06-15,3
"2454",2012-06-15,3
"2455",2011-09-30,3
"2456",2011-09-30,3
"2457",2011-09-30,3
"2458",2011-09-30,3
"2459",2011-12-30,3
"2460",2011-12-30,3
"2461",2011-12-30,3
"2462",2011-12-30,3
"2463",2011-12-30,3
"2464",2011-12-30,3
"2465",2011-12-30,3
"2466",2011-12-30,3
"2467",2009-11-10,3
"2468",2010-11-26,3
"2469",2010-11-21,3
"2470",2009-11-10,3
"2471",2010-11-21,3
"2472",2010-11-21,3
"2473",2010-11-21,3
"2474",2009-11-10,NA
"2475",2009-02-11,7
"2476",2009-02-11,7
"2477",2010-11-25,3
"2478",2009-02-11,3
"2479",NA,3
"2480",NA,3
"2481",NA,3
"2482",NA,3
"2483",NA,6
"2484",2009-02-11,3
"2485",NA,3
"2486",2009-07-03,3
"2487",2009-09-02,3
"2488",2009-09-02,3
"2489",2009-12-11,3
"2490",2009-12-17,3
"2491",2009-09-16,NA
"2492",2011-09-12,3
"2493",2011-09-12,3
"2494",2009-12-01,3
"2495",2009-12-01,3
"2496",2011-09-06,3
"2497",2009-12-25,3
"2498",2010-07-14,3
"2499",2009-12-25,3
"2500",2011-08-10,3
"2501",2011-01-16,2
"2502",2010-07-14,3
"2503",2010-08-17,3
"2504",2011-12-20,3
"2505",2010-08-17,3
"2506",2010-08-17,NA
"2507",2009-12-25,3
"2508",2010-07-05,NA
"2509",2010-02-20,3
"2510",2012-05-10,3
"2511",2010-01-01,3
"2512",2010-01-01,3
"2513",2012-05-30,3
"2514",2010-01-01,3
"2515",2010-01-01,3
"2516",2010-01-01,3
"2517",2010-07-21,NA
"2518",2012-05-01,3
"2519",2012-05-21,3
"2520",2010-10-20,3
"2521",2012-05-15,3
"2522",2010-11-26,3
"2523",2012-05-01,3
"2524",2012-05-01,3
"2525",2010-11-26,3
"2526",2010-11-26,3
"2527",2010-11-24,3
"2528",2010-11-22,3
"2529",2010-12-17,3
"2530",2010-11-24,3
"2531",2012-02-29,3
"2532",2010-11-20,3
"2533",2010-08-18,6
"2534",2011-04-05,6
"2535",2012-02-29,3
"2536",2012-02-29,3
"2537",2012-02-29,3
"2538",2010-10-08,3
"2539",2010-02-20,3
"2540",2011-09-19,3
"2541",2010-06-08,NA
"2542",2010-06-08,NA
"2543",2010-06-30,NA
"2544",NA,3
"2545",2010-08-03,NA
"2546",NA,3
"2547",2010-08-03,NA
"2548",NA,3
"2549",2010-03-02,3
"2550",2013-06-05,3
"2551",NA,3
"2552",2010-09-20,3
"2553",NA,3
"2554",2010-09-20,NA
"2555",2011-05-10,3
"2556",2010-09-20,NA
"2557",2011-09-30,3
"2558",2010-09-20,3
"2559",2012-05-10,4
"2560",2012-05-15,6
"2561",2012-06-01,6
"2562",2010-06-15,3
"2563",2011-12-26,3
"2564",2012-05-01,6
"2565",2010-06-15,6
"2566",2012-01-23,8
"2567",NA,3
"2568",2012-01-23,8
"2569",2012-01-23,8
"2570",NA,3
"2571",2012-01-23,8
"2572",2010-11-25,3
"2573",2010-11-28,3
"2574",2010-11-28,3
"2575",2012-04-01,3
"2576",2012-04-01,3
"2577",2012-02-20,3
"2578",2012-02-20,3
"2579",2012-02-13,6
"2580",2012-02-13,6
"2581",2010-11-22,3
"2582",2010-05-01,3
"2583",2010-05-01,3
"2584",NA,3
"2585",2010-05-25,3
"2586",NA,3
"2587",2010-05-25,3
"2588",NA,3
"2589",2010-10-01,4
"2590",2010-05-17,4
"2591",2010-05-28,4
"2592",NA,3
"2593",2010-05-28,4
"2594",NA,3
"2595",NA,3
"2596",NA,3
"2597",NA,3
"2598",2005-10-01,3
"2599",NA,6
"2600",2010-12-17,3
"2601",2010-11-04,3
"2602",NA,3
"2603",NA,3
"2604",2009-01-26,7
"2605",NA,3
"2606",2011-01-15,3
"2607",2012-05-10,6
"2608",NA,3
"2609",2013-06-05,3
"2610",2013-06-05,3
"2611",2013-06-05,3
"2612",2013-06-05,3
"2613",NA,3
"2614",2010-09-30,3
"2615",2011-09-30,3
"2616",2011-09-30,3
"2617",2013-06-05,3
"2618",2011-10-12,3
"2619",NA,3
"2620",NA,3
"2621",2011-10-12,6
"2622",2011-11-21,6
"2623",2011-10-12,6
"2624",2010-12-17,3
"2625",2011-10-12,6
"2626",NA,3
"2627",2011-10-12,6
"2628",NA,3
"2629",NA,3
"2630",NA,3
"2631",NA,3
"2632",NA,3
"2633",NA,3
"2634",NA,3
"2635",NA,3
"2636",NA,3
"2637",NA,3
"2638",NA,3
"2639",NA,3
"2640",NA,3
"2641",NA,3
"2642",NA,3
"2643",NA,3
"2644",NA,3
"2645",NA,3
"2646",NA,3
"2647",NA,3
"2648",NA,3
"2649",NA,3
"2650",NA,3
"2651",2014-01-01,2
"2652",2014-01-01,2
"2653",2014-01-01,2
"2654",2013-06-05,3
"2655",2011-10-24,3
"2656",2013-06-05,3
"2657",2006-08-18,NA
"2658",2006-08-18,NA
"2659",2005-06-01,NA
"2660",2005-03-01,NA
"2661",2005-12-31,NA
"2662",2005-12-01,NA
"2663",2005-12-01,NA
"2664",2006-06-26,NA
"2665",2004-08-01,NA
"2666",2006-01-05,NA
"2667",2005-01-01,NA
"2668",2006-04-30,NA
"2669",2006-07-17,NA
"2670",2005-06-24,NA
"2671",2005-01-19,NA
"2672",2005-01-19,NA
"2673",2005-01-19,NA
"2674",2005-01-19,NA
"2675",2005-01-19,NA
"2676",2006-05-09,NA
"2677",2005-08-01,NA
"2678",2005-08-01,NA
"2679",2005-08-01,NA
"2680",2005-08-01,NA
"2681",2005-08-01,NA
"2682",2005-08-01,NA
"2683",2005-08-01,NA
"2684",2005-08-01,NA
"2685",2005-08-01,NA
"2686",2005-08-01,NA
"2687",2005-08-01,NA
"2688",2006-08-18,3
"2689",2005-04-10,NA
"2690",2005-04-01,NA
"2691",2005-04-01,NA
"2692",2005-10-10,NA
"2693",2005-10-10,NA
"2694",2005-04-01,NA
"2695",2005-04-01,NA
"2696",2005-04-01,NA
"2697",2005-06-01,NA
"2698",2005-06-01,NA
"2699",2005-06-01,NA
"2700",2007-01-01,NA
"2701",2007-01-01,NA
"2702",2007-01-01,NA
"2703",2007-01-01,NA
"2704",2007-01-01,NA
"2705",2007-01-01,NA
"2706",2007-01-01,NA
"2707",2007-10-30,NA
"2708",2006-12-20,NA
"2709",2006-12-20,NA
"2710",2006-12-20,NA
"2711",2007-10-30,NA
"2712",2007-10-30,NA
"2713",2007-10-30,NA
"2714",2007-10-30,NA
"2715",2008-03-18,NA
"2716",2008-11-01,NA
"2717",2007-11-19,NA
"2718",2007-10-30,NA
"2719",2007-06-12,NA
"2720",2007-06-12,NA
"2721",2007-06-12,NA
"2722",2005-12-01,3
"2723",2005-12-01,3
"2724",2005-12-01,3
"2725",2006-12-27,NA
"2726",2007-10-30,NA
"2727",2007-10-30,NA
"2728",2007-10-30,NA
"2729",2007-10-30,NA
"2730",2007-10-30,NA
"2731",2007-08-30,NA
"2732",2007-09-14,NA
"2733",2007-09-14,NA
"2734",2007-09-14,NA
"2735",2006-04-12,NA
"2736",2006-08-01,NA
"2737",2006-08-01,NA
"2738",2007-08-31,NA
"2739",2007-08-31,NA
"2740",2006-01-01,NA
"2741",2006-01-01,NA
"2742",2006-04-01,NA
"2743",2005-06-01,NA
"2744",2006-08-31,NA
"2745",2006-08-18,NA
"2746",2006-08-18,NA
"2747",2006-08-18,NA
"2748",2006-08-18,NA
"2749",2007-10-31,NA
"2750",2007-10-31,NA
"2751",2007-10-31,NA
"2752",2006-08-18,NA
"2753",2006-08-18,NA
"2754",2006-08-18,NA
"2755",2007-12-17,NA
"2756",2007-12-17,NA
"2757",2007-12-17,NA
"2758",2007-10-31,NA
"2759",2007-12-17,NA
"2760",2008-06-12,NA
"2761",2008-06-12,NA
"2762",2008-06-12,NA
"2763",2008-05-12,NA
"2764",2008-09-28,3
"2765",2009-02-11,3
"2766",2008-09-02,NA
"2767",2008-09-02,NA
"2768",2008-11-01,1
"2769",2008-11-01,NA
"2770",2006-09-28,NA
"2771",2007-10-28,NA
"2772",2007-12-17,NA
"2773",2007-10-30,NA
"2774",2007-10-30,NA
"2775",2007-10-30,NA
"2776",2007-10-30,NA
"2777",2009-09-07,3
"2778",2007-11-08,3
"2779",2007-11-23,6
"2780",2009-12-02,3
"2781",2007-12-25,NA
"2782",2007-12-25,NA
"2783",2009-12-02,NA
"2784",2007-12-25,NA
"2785",2007-12-25,NA
"2786",2007-12-25,3
"2787",2007-12-25,3
"2788",2007-12-25,NA
"2789",2009-11-10,NA
"2790",2007-12-25,3
"2791",2007-12-25,NA
"2792",2007-12-25,3
"2793",2007-12-25,3
"2794",2009-11-10,NA
"2795",2007-12-25,NA
"2796",2007-12-25,NA
"2797",2009-11-10,NA
"2798",2006-09-28,NA
"2799",2009-11-10,NA
"2800",2009-11-10,NA
"2801",2009-11-10,NA
"2802",2009-11-10,NA
"2803",2009-09-04,NA
"2804",2009-12-10,3
"2805",2009-05-14,3
"2806",2008-11-01,NA
"2807",2008-11-01,NA
"2808",2008-11-01,NA
"2809",2008-11-01,NA
"2810",2008-11-27,3
"2811",2008-11-01,NA
"2812",2008-11-01,NA
"2813",2010-08-05,3
"2814",2008-11-01,3
"2815",2008-11-01,NA
"2816",2008-11-01,NA
"2817",2008-11-01,NA
"2818",2010-11-26,6
"2819",2010-11-24,3
"2820",2011-12-09,3
"2821",2009-01-09,3
"2822",2009-12-01,3
"2823",2009-12-01,3
"2824",2009-01-09,3
"2825",2009-12-01,3
"2826",2005-05-18,NA
"2827",2009-12-31,3
"2828",2004-06-28,NA
"2829",2009-11-10,NA
"2830",2009-11-10,NA
"2831",2007-10-31,NA
"2832",2007-10-31,NA
"2833",2009-11-10,NA
"2834",2009-11-10,NA
"2835",2009-11-10,NA
"2836",2009-11-10,NA
"2837",2009-11-10,NA
"2838",2009-11-10,NA
"2839",2009-11-10,NA
"2840",2009-11-10,NA
"2841",2009-11-10,3
"2842",2009-11-10,3
"2843",2009-11-10,3
"2844",2009-11-10,NA
"2845",2009-11-10,NA
"2846",2009-11-10,NA
"2847",2009-11-10,3
"2848",2010-11-23,3
"2849",2009-11-10,3
"2850",2009-11-10,3
"2851",2010-11-25,3
"2852",2010-11-25,3
"2853",2010-11-25,3
"2854",2010-11-25,3
"2855",2013-06-05,3
"2856",2010-11-25,3
"2857",2009-02-11,3
"2858",2009-02-11,6
"2859",2010-11-25,3
"2860",2009-02-11,3
"2861",2010-11-26,3
"2862",2014-05-19,3
"2863",2010-11-21,3
"2864",NA,3
"2865",NA,3
"2866",NA,3
"2867",NA,3
"2868",2010-11-25,3
"2869",2009-09-02,3
"2870",2009-09-02,3
"2871",2009-06-12,NA
"2872",2010-11-29,3
"2873",2010-07-14,3
"2874",NA,3
"2875",2010-11-29,3
"2876",2010-11-26,3
"2877",NA,3
"2878",NA,3
"2879",2010-07-14,NA
"2880",NA,3
"2881",2010-07-05,NA
"2882",NA,3
"2883",2010-01-01,3
"2884",2009-12-25,3
"2885",2010-11-26,3
"2886",2012-06-27,3
"2887",2009-12-25,3
"2888",2010-11-26,3
"2889",2012-07-01,3
"2890",2012-10-29,3
"2891",2010-02-20,3
"2892",2012-11-05,6
"2893",2012-11-05,6
"2894",2010-02-20,3
"2895",2010-02-20,3
"2896",NA,3
"2897",NA,3
"2898",2010-09-04,3
"2899",2010-02-20,3
"2900",2010-08-03,NA
"2901",NA,3
"2902",2010-02-20,3
"2903",2013-06-05,3
"2904",NA,3
"2905",2010-09-20,NA
"2906",2010-11-25,3
"2907",2010-09-20,NA
"2908",NA,3
"2909",NA,3
"2910",NA,3
"2911",2010-08-05,NA
"2912",2014-01-01,6
"2913",2010-12-14,3
"2914",2013-04-22,1
"2915",2014-01-01,7
"2916",2014-01-01,7
"2917",2014-01-01,7
"2918",2014-01-01,7
"2919",NA,3
"2920",2012-11-30,2
"2921",NA,3
"2922",2010-02-20,3
"2923",2010-11-24,3
"2924",2010-12-01,3
"2925",2014-05-20,1
"2926",2014-05-20,1
"2927",2010-11-28,3
"2928",2010-11-28,3
"2929",2011-10-24,3
"2930",2011-10-24,3
"2931",2011-10-24,3
"2932",2011-06-17,3
"2933",2011-05-10,3
"2934",2010-11-28,3
"2935",2010-11-27,3
"2936",2010-11-24,3
"2937",2011-12-26,3
"2938",NA,3
"2939",2010-11-19,3
"2940",2010-11-22,3
"2941",NA,6
"2942",NA,3
"2943",2009-12-21,3
"2944",2009-12-21,3
"2945",2009-12-21,3
"2946",2010-05-01,3
"2947",2010-05-01,3
"2948",2010-10-01,3
"2949",2010-10-01,3
"2950",2010-10-01,3
"2951",2010-10-01,3
"2952",2010-05-01,3
"2953",2010-05-01,3
"2954",2010-05-01,3
"2955",2010-05-25,3
"2956",2010-05-25,3
"2957",2010-05-26,3
"2958",2010-05-26,3
"2959",2010-05-30,3
"2960",2010-05-30,3
"2961",2010-10-01,4
"2962",2010-10-01,4
"2963",2010-10-01,4
"2964",2010-05-17,4
"2965",2010-05-17,4
"2966",2010-05-28,4
"2967",2010-05-27,4
"2968",2010-05-27,4
"2969",2010-05-27,4
"2970",2010-05-27,4
"2971",2010-01-11,3
"2972",2009-10-10,3
"2973",2010-12-17,3
"2974",2010-12-17,3
"2975",2010-12-17,3
"2976",2006-06-10,3
"2977",2006-06-10,3
"2978",2006-06-10,6
"2979",2011-12-23,6
"2980",2011-05-30,6
"2981",2010-12-17,3
"2982",2010-12-17,3
"2983",2011-01-04,3
"2984",2011-01-04,3
"2985",NA,3
"2986",NA,3
"2987",NA,3
"2988",NA,3
"2989",NA,3
"2990",NA,3
"2991",NA,6
"2992",NA,6
"2993",2011-05-10,3
"2994",2011-05-10,3
"2995",2011-05-10,3
"2996",2010-02-15,3
"2997",NA,3
"2998",NA,3
"2999",NA,3
"3000",NA,3
"3001",NA,3
"3002",NA,3
"3003",NA,3
"3004",NA,3
"3005",NA,3
"3006",NA,3
"3007",NA,3
"3008",2011-12-30,3
"3009",NA,3
"3010",2011-10-24,7
"3011",2011-12-30,3
"3012",2011-12-30,3
"3013",2011-10-24,3
"3014",2011-09-24,3
"3015",2011-12-30,3
"3016",2011-12-30,3
"3017",2011-12-30,3
"3018",2011-12-30,3
"3019",2012-04-20,6
"3020",2012-04-20,6
"3021",2011-12-30,3
"3022",2011-12-30,3
"3023",2011-09-30,3
"3024",2011-12-30,3
"3025",2011-12-30,3
"3026",2009-11-10,3
"3027",2012-04-09,3
"3028",2012-04-16,3
"3029",2012-04-16,3
"3030",2012-04-16,3
"3031",2011-05-10,3
"3032",2011-12-30,3
"3033",2011-05-10,3
"3034",2011-05-10,3
"3035",2011-12-30,3
"3036",2011-10-12,6
"3037",2006-08-18,NA
"3038",2006-08-18,NA
"3039",2007-10-31,NA
"3040",2007-10-31,NA
"3041",2007-10-31,NA
"3042",2007-12-17,NA
"3043",2007-10-30,NA
"3044",2009-02-11,3
"3045",2008-06-20,NA
"3046",2009-02-11,3
"3047",2008-09-28,3
"3048",2008-09-28,3
"3049",2009-02-11,3
"3050",2009-02-11,3
"3051",2007-12-17,NA
"3052",2007-10-28,NA
"3053",2007-10-28,NA
"3054",2009-12-01,3
"3055",2007-11-08,3
"3056",2009-12-02,5
"3057",2009-12-02,3
"3058",2007-12-07,3
"3059",2007-12-24,3
"3060",2009-12-02,NA
"3061",2007-12-25,NA
"3062",2009-11-10,NA
"3063",2009-11-10,3
"3064",2009-11-10,NA
"3065",2007-12-25,NA
"3066",2007-12-25,NA
"3067",2009-11-10,NA
"3068",2009-11-10,NA
"3069",2009-11-10,NA
"3070",2007-12-25,3
"3071",2009-11-10,NA
"3072",2009-10-23,3
"3073",2009-11-10,NA
"3074",2009-11-10,NA
"3075",2009-09-11,NA
"3076",2009-09-04,NA
"3077",2009-12-10,3
"3078",2009-10-31,3
"3079",2008-11-27,3
"3080",2008-11-27,3
"3081",2008-11-01,NA
"3082",2008-11-01,NA
"3083",2008-11-01,NA
"3084",2008-11-27,3
"3085",2008-11-01,NA
"3086",2008-11-01,NA
"3087",2010-08-05,3
"3088",2010-11-22,3
"3089",2008-07-01,NA
"3090",2008-07-01,NA
"3091",2008-07-01,NA
"3092",2008-12-15,3
"3093",2009-12-01,3
"3094",2009-01-09,3
"3095",2009-01-09,3
"3096",2009-01-09,3
"3097",2009-01-09,3
"3098",2009-12-01,3
"3099",2008-11-01,NA
"3100",2005-05-18,NA
"3101",2005-05-18,NA
"3102",2009-12-23,NA
"3103",2005-07-04,NA
"3104",2004-06-28,NA
"3105",2004-06-28,NA
"3106",2009-11-10,NA
"3107",2004-07-21,NA
"3108",2004-07-21,NA
"3109",2009-11-10,NA
"3110",2010-11-23,3
"3111",2009-11-10,3
"3112",2009-11-10,3
"3113",2010-11-25,3
"3114",2009-11-10,NA
"3115",2009-02-11,7
"3116",2009-02-11,7
"3117",2009-02-11,7
"3118",2009-02-11,7
"3119",2009-02-11,7
"3120",2009-02-11,7
"3121",2009-02-11,7
"3122",2010-11-25,3
"3123",2013-06-05,3
"3124",2009-02-11,3
"3125",2009-02-11,NA
"3126",2010-11-25,3
"3127",2009-09-16,NA
"3128",2010-11-26,3
"3129",2009-06-25,NA
"3130",2010-11-21,3
"3131",2010-11-21,3
"3132",2009-09-02,3
"3133",NA,3
"3134",2010-11-25,3
"3135",NA,3
"3136",NA,3
"3137",NA,3
"3138",2010-07-14,3
"3139",NA,3
"3140",2010-07-14,NA
"3141",2010-11-18,3
"3142",2010-11-18,3
"3143",2009-06-10,NA
"3144",2009-12-25,3
"3145",2009-12-25,3
"3146",2009-12-25,3
"3147",2009-12-25,3
"3148",2010-11-26,3
"3149",2012-06-27,3
"3150",2009-12-25,3
"3151",2010-11-26,3
"3152",2010-02-20,3
"3153",2010-02-20,3
"3154",2010-11-22,3
"3155",2010-11-20,3
"3156",2012-11-05,6
"3157",2010-02-20,3
"3158",NA,3
"3159",NA,3
"3160",2009-11-01,7
"3161",2010-02-20,3
"3162",2012-11-26,6
"3163",2010-02-20,6
"3164",2013-06-05,3
"3165",2010-02-20,3
"3166",2010-09-20,3
"3167",NA,3
"3168",2015-11-05,3
"3169",2010-09-20,NA
"3170",2010-09-20,NA
"3171",2010-07-12,4
"3172",2010-08-18,6
"3173",2010-08-05,6
"3174",2010-08-05,NA
"3175",2011-05-18,NA
"3176",2010-12-14,3
"3177",2008-10-01,6
"3178",2011-09-19,3
"3179",NA,3
"3180",2010-11-25,3
"3181",2010-11-22,3
"3182",2010-02-20,3
"3183",NA,3
"3184",2009-06-18,3
"3185",2010-04-12,3
"3186",2010-05-20,3
"3187",2010-11-30,3
"3188",2010-11-30,NA
"3189",2009-04-12,NA
"3190",2009-04-12,NA
"3191",2009-02-11,3
"3192",2010-11-23,3
"3193",2013-06-05,3
"3194",NA,6
"3195",2009-09-16,NA
"3196",2009-06-25,NA
"3197",NA,3
"3198",2009-12-03,NA
"3199",2009-09-16,NA
"3200",2009-09-02,3
"3201",2010-11-25,3
"3202",2009-09-02,3
"3203",NA,3
"3204",2010-11-29,3
"3205",2010-07-14,3
"3206",2010-11-29,3
"3207",2010-07-14,3
"3208",2010-07-14,3
"3209",2010-11-18,3
"3210",2010-07-14,NA
"3211",NA,3
"3212",2010-08-17,3
"3213",NA,3
"3214",2010-07-05,NA
"3215",2010-08-30,5
"3216",NA,3
"3217",NA,3
"3218",NA,3
"3219",2009-12-25,3
"3220",2010-11-26,3
"3221",2012-07-15,4
"3222",2010-11-26,3
"3223",2012-11-05,6
"3224",2010-11-22,3
"3225",2010-02-20,3
"3226",2010-02-20,3
"3227",NA,3
"3228",2010-02-20,3
"3229",2010-05-08,7
"3230",2010-05-08,7
"3231",2010-06-08,NA
"3232",2012-11-26,6
"3233",2010-08-03,NA
"3234",2010-08-03,NA
"3235",2013-02-20,3
"3236",2010-08-03,3
"3237",2010-09-20,NA
"3238",2010-09-20,NA
"3239",2010-02-20,3
"3240",2010-11-29,3
"3241",2010-09-20,NA
"3242",2010-11-25,3
"3243",2010-11-25,3
"3244",2010-07-12,4
"3245",NA,3
"3246",2010-08-05,3
"3247",2011-03-10,3
"3248",2013-04-22,1
"3249",2011-04-11,7
"3250",2010-03-30,3
"3251",NA,3
"3252",2011-09-19,3
"3253",2011-09-19,3
"3254",2012-11-30,2
"3255",NA,3
"3256",2010-11-22,3
"3257",NA,3
"3258",NA,3
"3259",2014-05-20,1
"3260",2010-11-25,3
"3261",2010-11-26,3
"3262",2014-05-20,1
"3263",2009-04-12,NA
"3264",2009-04-12,NA
"3265",2010-04-12,NA
"3266",2010-04-12,NA
"3267",2011-05-18,NA
"3268",2010-11-28,3
"3269",2011-05-10,3
"3270",2011-09-30,3
"3271",2011-09-30,3
"3272",2011-09-30,3
"3273",2011-09-30,3
"3274",2011-09-30,3
"3275",2011-09-30,3
"3276",2010-11-25,3
"3277",2011-11-27,3
"3278",NA,3
"3279",NA,3
"3280",2010-11-22,3
"3281",2010-11-27,3
"3282",2011-12-30,3
"3283",NA,3
"3284",2011-12-30,3
"3285",2011-12-30,3
"3286",2011-12-30,3
"3287",2011-10-24,3
"3288",2011-12-30,3
"3289",2011-12-30,3
"3290",2011-10-24,3
"3291",2011-10-24,3
"3292",2011-10-24,3
"3293",2011-12-30,3
"3294",2011-12-30,3
"3295",2011-12-30,3
"3296",2011-09-30,3
"3297",2011-12-30,3
"3298",2012-04-09,3
"3299",2012-04-09,3
"3300",2009-09-30,3
"3301",2011-09-06,3
"3302",2011-09-06,3
"3303",2011-09-06,3
"3304",2011-12-30,3
"3305",2011-05-10,3
"3306",2011-12-30,3
"3307",2011-12-30,3
"3308",2010-12-30,6
"3309",2011-12-30,3
"3310",NA,3
"3311",NA,3
"3312",NA,3
"3313",NA,3
"3314",NA,6
"3315",NA,3
"3316",NA,3
"3317",NA,3
"3318",NA,3
"3319",NA,3
"3320",NA,3
"3321",NA,3
"3322",NA,3
"3323",NA,3
"3324",NA,3
"3325",2011-09-12,3
"3326",2011-09-12,3
"3327",2012-09-10,3
"3328",2011-09-12,3
"3329",2011-09-06,3
"3330",2011-09-06,3
"3331",2011-09-06,3
"3332",2011-09-06,3
"3333",2011-09-06,3
"3334",2012-05-21,6
"3335",2012-05-31,6
"3336",2012-05-31,6
"3337",2012-06-01,3
"3338",2012-06-01,3
"3339",2012-06-01,3
"3340",2012-06-01,3
"3341",2012-05-07,3
"3342",2012-05-07,3
"3343",2012-05-10,3
"3344",2012-05-10,3
"3345",2012-05-10,3
"3346",2012-06-01,3
"3347",2012-05-30,3
"3348",2012-05-31,3
"3349",2012-05-01,3
"3350",2012-05-15,3
"3351",2012-05-01,3
"3352",2012-05-08,6
"3353",2012-05-08,6
"3354",NA,3
"3355",NA,3
"3356",2010-12-17,3
"3357",2012-02-29,3
"3358",2012-02-29,3
"3359",2012-02-29,3
"3360",2011-12-09,3
"3361",2011-12-09,3
"3362",2011-12-09,6
"3363",2011-12-09,6
"3364",2011-12-09,6
"3365",2011-12-09,6
"3366",2011-12-09,3
"3367",NA,3
"3368",NA,3
"3369",2013-06-05,3
"3370",2013-06-05,3
"3371",2013-06-05,3
"3372",2012-09-26,6
"3373",2012-09-26,6
"3374",NA,3
"3375",NA,3
"3376",NA,3
"3377",NA,3
"3378",NA,3
"3379",NA,3
"3380",2012-05-17,3
"3381",2012-06-01,6
"3382",2012-05-15,6
"3383",2012-05-15,6
"3384",2012-06-01,6
"3385",2012-05-01,6
"3386",2012-05-01,6
"3387",2012-01-16,3
"3388",2012-01-23,3
"3389",2012-01-23,8
"3390",2012-01-23,8
"3391",2012-01-23,8
"3392",2012-01-23,8
"3393",2012-01-23,8
"3394",2012-01-23,8
"3395",2012-01-23,8
"3396",2011-05-01,3
"3397",2012-04-01,3
"3398",2012-04-01,3
"3399",2012-02-20,3
"3400",2008-09-16,3
"3401",2008-04-30,3
"3402",2009-12-01,3
"3403",2009-03-13,3
"3404",2012-02-15,6
"3405",2012-03-01,6
"3406",2012-03-01,6
"3407",2012-03-12,6
"3408",NA,3
"3409",NA,3
"3410",NA,3
"3411",NA,3
"3412",NA,3
"3413",NA,3
"3414",NA,3
"3415",NA,3
"3416",NA,3
"3417",NA,3
"3418",NA,3
"3419",NA,3
"3420",2008-12-05,7
"3421",2009-01-26,7
"3422",2009-01-26,7
"3423",2012-07-01,6
"3424",2012-05-10,6
"3425",2013-06-05,3
"3426",2013-06-05,3
"3427",2013-06-05,3
"3428",2013-06-05,3
"3429",2013-06-05,3
"3430",2013-06-05,3
"3431",NA,3
"3432",NA,3
"3433",NA,3
"3434",2011-11-21,6
"3435",2010-12-17,3
"3436",2010-12-17,3
"3437",2010-12-17,3
"3438",2011-12-30,3
"3439",2011-12-30,3
"3440",2012-12-29,3
"3441",2012-12-29,3
"3442",2012-12-29,3
"3443",2012-12-29,3
"3444",NA,3
"3445",NA,3
"3446",NA,3
"3447",NA,3
"3448",NA,3
"3449",NA,3
"3450",NA,3
"3451",NA,3
"3452",NA,3
"3453",NA,3
"3454",NA,3
"3455",NA,3
"3456",NA,3
"3457",NA,3
"3458",NA,3
"3459",NA,3
"3460",NA,3
"3461",NA,3
"3462",NA,3
"3463",NA,3
"3464",NA,3
"3465",NA,3
"3466",NA,3
"3467",NA,3
"3468",NA,3
"3469",NA,3
"3470",2012-12-07,1
"3471",2012-12-07,1
"3472",2014-03-20,1
"3473",2014-03-20,1
"3474",2014-03-20,1
"3475",2012-12-12,6
"3476",2013-10-15,6
"3477",2014-05-07,6
"3478",2014-05-07,6
"3479",2014-01-01,2
"3480",2013-06-05,3
"3481",2013-06-05,3
"3482",2013-06-05,3
"3483",2013-06-05,3
"3484",2013-06-05,3
"3485",2013-06-05,3
"3486",2013-06-05,3
"3487",2013-06-05,3
"3488",NA,3
"3489",NA,3
"3490",NA,3
"3491",2006-08-18,NA
"3492",2006-08-18,NA
"3493",NA,3
"3494",NA,3
"3495",2005-12-31,NA
"3496",NA,3
"3497",NA,3
"3498",NA,3
"3499",NA,3
"3500",2006-06-15,3
"3501",2006-01-05,NA
"3502",2006-01-05,NA
"3503",2004-07-01,NA
"3504",2012-05-16,3
"3505",2004-08-01,NA
"3506",2005-01-01,NA
"3507",2005-01-01,NA
"3508",2007-10-31,NA
"3509",2007-05-21,NA
"3510",2007-10-30,NA
"3511",2005-06-24,NA
"3512",NA,3
"3513",2005-06-24,NA
"3514",2005-01-19,NA
"3515",2009-12-01,3
"3516",NA,3
"3517",2005-08-01,NA
"3518",2009-12-01,3
"3519",2005-04-10,NA
"3520",2005-04-10,NA
"3521",2013-02-20,3
"3522",2013-02-20,3
"3523",2005-04-01,NA
"3524",2005-04-01,NA
"3525",2005-04-01,NA
"3526",2005-06-01,NA
"3527",2005-06-01,NA
"3528",NA,3
"3529",NA,3
"3530",NA,3
"3531",2009-12-02,NA
"3532",2014-09-23,6
"3533",2009-12-02,NA
"3534",2014-01-01,7
"3535",2009-12-02,NA
"3536",2007-10-30,NA
"3537",2007-10-30,NA
"3538",2009-09-01,3
"3539",2014-05-20,1
"3540",2005-12-01,3
"3541",2005-12-01,3
"3542",2009-11-10,NA
"3543",2005-12-01,3
"3544",2009-11-10,NA
"3545",2007-09-04,NA
"3546",2007-10-09,3
"3547",2009-11-10,NA
"3548",2007-10-30,NA
"3549",2006-09-28,NA
"3550",2007-10-30,NA
"3551",2009-09-11,NA
"3552",2009-09-11,NA
"3553",2009-09-11,NA
"3554",2009-09-11,NA
"3555",2009-09-04,3
"3556",2009-02-12,NA
"3557",2006-04-12,NA
"3558",2008-11-27,3
"3559",2006-08-01,NA
"3560",2009-10-22,NA
"3561",2006-08-01,NA
"3562",2006-01-01,NA
"3563",2006-01-01,NA
"3564",2007-08-31,NA
"3565",2010-08-05,NA
"3566",2010-11-22,3
"3567",2007-08-31,NA
"3568",2006-08-31,NA
"3569",2006-08-18,NA
"3570",2006-08-18,NA
"3571",2006-08-18,NA
"3572",2006-08-18,NA
"3573",2010-11-24,3
"3574",2007-12-17,NA
"3575",2007-12-17,NA
"3576",2007-12-17,NA
"3577",2007-12-17,NA
"3578",2009-12-01,3
"3579",2007-12-17,NA
"3580",2008-06-12,NA
"3581",2008-04-22,NA
"3582",2009-12-01,3
"3583",2009-12-01,3
"3584",2009-12-01,3
"3585",2009-12-31,3
"3586",2008-11-01,3
"3587",2009-11-10,NA
"3588",2008-11-01,NA
"3589",2006-09-28,NA
"3590",2006-09-28,NA
"3591",2007-10-28,NA
"3592",2007-10-28,NA
"3593",2009-11-10,NA
"3594",2007-10-30,NA
"3595",2009-11-10,NA
"3596",2009-11-10,NA
"3597",2009-11-10,NA
"3598",2007-10-30,NA
"3599",2009-11-10,3
"3600",2008-01-10,3
"3601",2009-11-10,3
"3602",2007-10-31,3
"3603",2007-11-23,6
"3604",2007-12-25,NA
"3605",2009-11-10,NA
"3606",2007-12-25,NA
"3607",2009-02-11,7
"3608",2007-12-25,NA
"3609",2007-12-25,NA
"3610",2007-12-25,NA
"3611",2007-12-25,NA
"3612",2009-10-22,NA
"3613",2009-02-11,3
"3614",2009-02-11,3
"3615",2009-11-10,NA
"3616",2009-12-10,3
"3617",2007-07-02,3
"3618",2009-02-11,3
"3619",2008-11-01,NA
"3620",2009-02-11,3
"3621",2009-02-11,3
"3622",2008-11-01,NA
"3623",2008-11-01,NA
"3624",2008-11-01,NA
"3625",2009-09-16,NA
"3626",2009-09-16,NA
"3627",2008-11-01,NA
"3628",2009-09-16,NA
"3629",2009-09-09,NA
"3630",2009-09-09,NA
"3631",2008-11-01,NA
"3632",2009-10-23,NA
"3633",2009-09-02,3
"3634",2008-12-12,NA
"3635",2008-07-01,NA
"3636",2008-07-01,NA
"3637",2008-07-01,NA
"3638",2009-06-12,NA
"3639",2011-12-09,3
"3640",2010-07-14,3
"3641",2010-07-14,3
"3642",2009-01-09,3
"3643",2009-01-09,3
"3644",2010-07-14,3
"3645",2010-07-14,NA
"3646",2010-08-17,NA
"3647",2010-08-30,5
"3648",2008-11-01,NA
"3649",2006-06-01,NA
"3650",2010-08-30,5
"3651",2005-05-18,NA
"3652",2004-06-28,NA
"3653",2011-12-30,3
"3654",2004-07-21,NA
"3655",2004-07-21,NA
"3656",2010-11-26,3
"3657",2004-07-21,NA
"3658",2007-10-31,NA
"3659",2011-05-10,3
"3660",2007-10-31,NA
"3661",2007-10-31,NA
"3662",NA,4
"3663",2011-10-12,6
"3664",2011-10-12,6
"3665",2011-10-12,6
"3666",2010-02-20,3
"3667",2010-02-20,3
"3668",NA,3
"3669",2010-11-25,3
"3670",2010-02-20,3
"3671",2010-06-08,NA
"3672",2010-06-30,NA
"3673",2010-08-03,NA
"3674",2010-11-25,3
"3675",2010-09-20,NA
"3676",2010-09-20,3
"3677",2010-09-20,3
"3678",2010-09-20,NA
"3679",2010-09-20,NA
"3680",2010-11-26,3
"3681",2010-09-20,NA
"3682",2011-09-06,3
"3683",2011-09-06,3
"3684",2010-11-21,3
"3685",2010-11-29,3
"3686",2010-11-25,3
"3687",2010-11-26,3
"3688",2010-11-18,3
"3689",2009-11-27,3
"3690",2010-08-05,NA
"3691",2012-05-15,3
"3692",2011-05-18,NA
"3693",2012-06-01,3
"3694",2012-06-01,3
"3695",2011-04-18,3
"3696",2009-12-25,6
"3697",2008-10-01,6
"3698",2009-12-25,3
"3699",2012-05-15,3
"3700",2010-11-25,3
"3701",NA,3
"3702",NA,3
"3703",2009-12-25,3
"3704",NA,3
"3705",2009-12-25,3
"3706",2010-11-28,3
"3707",2010-11-28,3
"3708",2010-11-24,3
"3709",2010-11-24,3
"3710",2010-02-20,3
"3711",2009-11-01,7
"3712",2011-12-09,6
"3713",2010-02-20,3
"3714",2010-11-27,3
"3715",2006-08-18,NA
"3716",NA,3
"3717",2006-08-18,NA
"3718",2005-06-01,NA
"3719",2005-06-01,NA
"3720",2006-08-18,NA
"3721",NA,3
"3722",2005-12-01,NA
"3723",2006-06-26,NA
"3724",2006-06-15,NA
"3725",2006-06-15,NA
"3726",2006-06-15,NA
"3727",NA,3
"3728",2012-06-27,3
"3729",2012-06-27,3
"3730",2004-08-01,NA
"3731",2004-08-01,NA
"3732",2012-09-19,6
"3733",2012-07-01,3
"3734",2012-07-01,3
"3735",2012-07-01,3
"3736",2012-07-01,3
"3737",2012-11-05,6
"3738",2009-01-09,3
"3739",2005-01-19,NA
"3740",2005-01-19,NA
"3741",2005-08-01,NA
"3742",NA,3
"3743",2009-12-01,3
"3744",2006-08-18,NA
"3745",2005-01-01,NA
"3746",2012-11-26,6
"3747",2009-12-01,3
"3748",2005-04-10,NA
"3749",2005-04-01,NA
"3750",2005-04-01,NA
"3751",2013-06-05,3
"3752",2009-09-14,3
"3753",2005-06-01,NA
"3754",2007-01-01,NA
"3755",2007-01-01,NA
"3756",2014-03-15,6
"3757",2007-01-01,NA
"3758",2007-01-01,NA
"3759",2006-12-20,NA
"3760",2008-03-18,NA
"3761",2013-04-22,1
"3762",2009-12-02,NA
"3763",2007-11-19,NA
"3764",2007-10-30,NA
"3765",2009-08-01,3
"3766",2006-06-12,3
"3767",2005-12-01,3
"3768",2009-09-01,3
"3769",2009-11-10,NA
"3770",2005-12-01,3
"3771",2009-11-10,NA
"3772",2007-09-04,NA
"3773",2009-11-10,NA
"3774",2009-11-10,NA
"3775",2007-10-09,3
"3776",2009-11-10,NA
"3777",2007-10-30,NA
"3778",2006-09-28,NA
"3779",2007-10-30,NA
"3780",2007-10-30,NA
"3781",2007-08-30,NA
"3782",2007-08-30,NA
"3783",2007-09-14,NA
"3784",2007-09-14,NA
"3785",2008-11-27,3
"3786",2006-08-01,NA
"3787",2009-10-22,NA
"3788",2006-08-01,NA
"3789",2009-10-22,NA
"3790",2009-10-22,NA
"3791",2010-08-05,NA
"3792",2007-08-31,NA
"3793",2007-08-31,NA
"3794",2007-08-31,NA
"3795",2007-08-31,NA
"3796",2007-08-31,NA
"3797",2010-11-22,3
"3798",2010-11-22,3
"3799",2010-11-24,3
"3800",2010-11-24,3
"3801",2006-08-18,NA
"3802",2006-08-18,NA
"3803",2010-11-23,3
"3804",2009-12-01,3
"3805",2007-12-17,NA
"3806",2009-12-01,3
"3807",2009-12-01,3
"3808",2008-06-22,3
"3809",2008-06-20,NA
"3810",2008-09-28,NA
"3811",2008-09-02,NA
"3812",2008-09-02,NA
"3813",2008-09-02,NA
"3814",2008-09-08,NA
"3815",2009-12-03,NA
"3816",2008-11-01,NA
"3817",2009-11-10,NA
"3818",2009-11-10,NA
"3819",2009-11-10,NA
"3820",2009-11-10,NA
"3821",2007-10-30,NA
"3822",2009-11-10,NA
"3823",2007-10-30,NA
"3824",2007-10-30,NA
"3825",2007-10-30,NA
"3826",2009-11-10,NA
"3827",2007-10-30,NA
"3828",2007-01-20,NA
"3829",2009-11-10,3
"3830",2007-10-31,3
"3831",2009-11-10,3
"3832",2009-11-10,3
"3833",2009-11-10,3
"3834",2007-12-25,NA
"3835",2009-11-10,NA
"3836",2007-12-25,NA
"3837",2007-12-25,3
"3838",2009-02-11,7
"3839",2009-02-11,3
"3840",2009-02-11,3
"3841",2009-10-23,3
"3842",2009-11-10,NA
"3843",2009-02-11,6
"3844",2009-02-11,3
"3845",2007-07-02,3
"3846",2009-02-11,NA
"3847",2008-11-01,NA
"3848",2008-11-01,NA
"3849",2008-11-01,NA
"3850",2008-11-01,NA
"3851",2008-11-01,NA
"3852",2009-12-03,3
"3853",2009-12-03,NA
"3854",2008-11-01,NA
"3855",2008-11-01,NA
"3856",2008-11-01,NA
"3857",2009-09-16,NA
"3858",2008-11-01,NA
"3859",2008-11-01,NA
"3860",2008-11-01,NA
"3861",2009-09-09,NA
"3862",2008-12-12,NA
"3863",2008-12-12,NA
"3864",2009-09-02,3
"3865",2009-09-02,3
"3866",2008-12-15,3
"3867",2010-07-14,3
"3868",2008-12-26,3
"3869",2008-12-26,3
"3870",2008-11-01,NA
"3871",2010-07-14,3
"3872",2010-07-14,3
"3873",2009-01-09,3
"3874",2009-01-09,3
"3875",2009-01-09,3
"3876",2009-01-09,3
"3877",2009-01-09,3
"3878",2010-08-30,5
"3879",2011-12-30,3
"3880",2010-08-30,5
"3881",2010-01-01,3
"3882",2004-06-28,NA
"3883",2010-07-01,NA
"3884",2011-12-30,3
"3885",2010-11-26,3
"3886",2010-11-24,3
"3887",2010-11-24,3
"3888",2011-05-10,3
"3889",2010-11-24,3
"3890",2010-11-23,3
"3891",2010-11-25,3
"3892",2010-02-20,3
"3893",2010-11-25,3
"3894",NA,3
"3895",NA,3
"3896",2011-09-12,3
"3897",2011-09-12,3
"3898",2011-09-12,3
"3899",2010-11-25,3
"3900",2010-11-26,3
"3901",2011-09-12,3
"3902",2010-11-26,3
"3903",2010-11-21,3
"3904",2010-09-20,NA
"3905",2011-06-30,3
"3906",2010-09-20,3
"3907",2010-09-20,3
"3908",2010-07-05,NA
"3909",2012-05-31,6
"3910",2012-05-31,3
"3911",2012-05-31,3
"3912",2012-05-15,3
"3913",2009-12-17,3
"3914",2009-06-10,NA
"3915",2009-06-10,NA
"3916",2011-04-18,3
"3917",2012-05-30,3
"3918",2011-04-18,3
"3919",2012-05-08,3
"3920",2012-05-01,3
"3921",2012-05-21,3
"3922",2010-11-25,3
"3923",NA,3
"3924",2009-12-25,3
"3925",NA,3
"3926",2009-12-25,3
"3927",2012-02-29,3
"3928",2009-12-25,3
"3929",2009-12-25,3
"3930",2009-12-25,3
"3931",2012-02-29,3
"3932",2012-02-29,3
"3933",2011-12-09,3
"3934",2010-11-19,3
"3935",2010-11-22,3
"3936",2010-11-22,3
"3937",2010-02-20,3
"3938",2011-12-09,3
"3939",2010-02-20,6
"3940",2010-02-20,3
"3941",2010-02-20,3
"3942",2010-02-20,3
"3943",2010-11-29,3
"3944",2013-06-05,3
"3945",2010-05-21,NA
"3946",2010-06-19,3
"3947",2013-06-05,3
"3948",2010-06-19,3
"3949",2010-06-19,3
"3950",2010-08-18,6
"3951",NA,3
"3952",2011-04-06,3
"3953",NA,3
"3954",2011-04-06,3
"3955",2012-05-21,6
"3956",2011-02-12,6
"3957",2012-05-10,4
"3958",2011-03-01,3
"3959",2012-06-01,6
"3960",2012-05-02,4
"3961",2010-10-08,3
"3962",2012-01-16,3
"3963",2012-01-23,3
"3964",2011-03-25,3
"3965",2012-01-23,8
"3966",2012-01-23,8
"3967",2010-11-23,3
"3968",2012-02-20,3
"3969",2012-02-20,3
"3970",2012-02-20,3
"3971",2010-11-30,3
"3972",2010-11-30,3
"3973",2010-11-30,NA
"3974",2011-05-18,NA
"3975",2006-03-20,3
"3976",2011-10-24,3
"3977",2006-12-20,3
"3978",2011-05-10,3
"3979",2012-03-01,6
"3980",2011-09-30,3
"3981",2011-07-22,6
"3982",2010-06-15,3
"3983",2010-06-15,6
"3984",NA,3
"3985",2011-11-27,3
"3986",2011-11-27,3
"3987",NA,3
"3988",NA,3
"3989",NA,3
"3990",NA,3
"3991",NA,3
"3992",NA,3
"3993",NA,3
"3994",NA,3
"3995",NA,6
"3996",NA,3
"3997",NA,3
"3998",NA,3
"3999",NA,3
"4000",2010-05-01,3
"4001",NA,3
"4002",2010-10-01,3
"4003",NA,3
"4004",NA,3
"4005",NA,3
"4006",2008-12-05,7
"4007",2010-10-01,4
"4008",2010-05-28,4
"4009",2009-01-26,7
"4010",2010-05-27,4
"4011",2011-01-15,3
"4012",2010-12-17,3
"4013",2012-07-01,6
"4014",2010-01-10,6
"4015",2012-05-10,6
"4016",NA,3
"4017",2013-06-05,3
"4018",2013-06-05,3
"4019",2013-06-05,3
"4020",2013-06-05,3
"4021",2013-06-05,3
"4022",2011-10-23,6
"4023",2012-03-05,6
"4024",NA,3
"4025",NA,3
"4026",2011-09-30,3
"4027",2011-09-30,3
"4028",2011-09-30,3
"4029",2011-11-21,6
"4030",2011-11-21,6
"4031",2011-10-12,6
"4032",2011-09-01,3
"4033",2011-10-12,6
"4034",NA,3
"4035",2011-05-10,3
"4036",2011-05-10,3
"4037",2011-05-10,3
"4038",2011-05-10,3
"4039",2010-02-15,3
"4040",NA,3
"4041",NA,3
"4042",NA,3
"4043",NA,3
"4044",NA,3
"4045",NA,3
"4046",NA,3
"4047",NA,3
"4048",NA,3
"4049",NA,3
"4050",NA,3
"4051",NA,3
"4052",NA,3
"4053",NA,3
"4054",NA,3
"4055",NA,3
"4056",NA,3
"4057",NA,3
"4058",NA,3
"4059",NA,3
"4060",NA,3
"4061",NA,3
"4062",NA,3
"4063",NA,3
"4064",2011-10-24,3
"4065",NA,3
"4066",2011-12-06,3
"4067",2013-10-15,6
"4068",2011-09-30,3
"4069",2011-09-30,3
"4070",2014-05-07,6
"4071",2011-12-30,3
"4072",2011-12-30,3
"4073",2011-12-30,3
"4074",2011-12-30,3
"4075",2011-12-30,3
"4076",2007-10-31,NA
"4077",2007-10-31,NA
"4078",2006-07-17,NA
"4079",2007-10-31,NA
"4080",2005-06-24,NA
"4081",2007-10-30,NA
"4082",2007-10-30,NA
"4083",2005-06-24,NA
"4084",NA,3
"4085",NA,3
"4086",NA,3
"4087",2005-08-01,NA
"4088",2005-08-01,NA
"4089",2005-08-01,NA
"4090",2012-11-26,6
"4091",2012-11-26,6
"4092",2005-01-01,NA
"4093",2005-01-01,NA
"4094",2012-11-26,6
"4095",2013-02-20,3
"4096",2009-12-01,3
"4097",2009-12-01,3
"4098",NA,3
"4099",NA,3
"4100",2005-06-01,NA
"4101",2009-12-02,3
"4102",2007-01-01,NA
"4103",2009-12-02,NA
"4104",2014-09-23,6
"4105",2008-03-18,NA
"4106",2008-11-01,NA
"4107",2008-11-01,NA
"4108",2014-01-01,7
"4109",2012-11-30,2
"4110",2014-05-20,1
"4111",2009-09-01,3
"4112",2011-12-30,3
"4113",2005-05-18,NA
"4114",2005-05-18,NA
"4115",2005-05-18,NA
"4116",2011-12-30,3
"4117",2004-06-28,NA
"4118",2010-01-01,3
"4119",2011-12-30,3
"4120",2004-07-21,NA
"4121",2011-05-10,3
"4122",2007-10-31,NA
"4123",2007-10-31,NA
"4124",2010-11-24,3
"4125",2007-10-31,NA
"4126",2010-11-24,3
"4127",2010-11-24,3
"4128",2010-11-22,3
"4129",2010-11-20,3
"4130",2009-09-01,NA
"4131",NA,3
"4132",2010-02-20,3
"4133",NA,3
"4134",NA,3
"4135",NA,3
"4136",NA,3
"4137",NA,3
"4138",2010-11-25,3
"4139",2010-08-03,3
"4140",2010-08-03,3
"4141",2010-11-25,3
"4142",2011-09-12,3
"4143",2011-09-12,3
"4144",2010-09-20,3
"4145",NA,3
"4146",2010-09-20,NA
"4147",2010-09-20,NA
"4148",2011-09-06,3
"4149",2010-09-20,NA
"4150",2011-04-05,2
"4151",2011-04-01,3
"4152",2012-05-14,3
"4153",2010-08-05,3
"4154",2010-08-05,NA
"4155",2009-12-07,3
"4156",2010-08-05,NA
"4157",2012-05-10,3
"4158",2011-04-18,3
"4159",2009-12-25,NA
"4160",2012-05-08,3
"4161",2012-05-08,3
"4162",2009-12-25,6
"4163",NA,3
"4164",2009-12-25,3
"4165",2009-12-25,3
"4166",2009-12-25,3
"4167",2010-11-28,3
"4168",2010-11-28,3
"4169",2010-11-28,3
"4170",2010-11-28,3
"4171",2010-11-28,3
"4172",2012-02-29,3
"4173",2012-02-29,3
"4174",2012-02-29,3
"4175",2009-12-25,3
"4176",2010-02-20,3
"4177",2010-11-19,3
"4178",2011-12-09,3
"4179",2010-02-20,3
"4180",2011-12-09,3
"4181",2011-12-09,3
"4182",2010-02-20,6
"4183",2012-12-13,3
"4184",2012-12-13,3
"4185",NA,3
"4186",NA,3
"4187",2013-06-05,3
"4188",2010-11-25,3
"4189",2013-06-05,3
"4190",2010-07-12,4
"4191",NA,3
"4192",NA,3
"4193",2010-07-14,3
"4194",NA,3
"4195",NA,3
"4196",2011-04-06,3
"4197",2012-05-01,3
"4198",2010-12-14,3
"4199",2012-05-10,6
"4200",2011-05-18,3
"4201",2012-05-10,4
"4202",2011-05-31,6
"4203",2012-05-16,3
"4204",2009-01-01,3
"4205",2009-06-03,3
"4206",2012-01-23,3
"4207",2011-09-19,3
"4208",2011-09-19,3
"4209",NA,3
"4210",2012-01-23,8
"4211",2010-09-29,3
"4212",2010-03-02,3
"4213",2008-07-22,NA
"4214",2010-11-30,3
"4215",2012-02-13,6
"4216",2012-02-13,6
"4217",2011-10-24,3
"4218",2006-03-20,3
"4219",2011-02-12,8
"4220",2012-02-15,6
"4221",2011-09-30,3
"4222",2012-03-01,6
"4223",2012-03-12,6
"4224",2012-03-12,6
"4225",2012-03-12,6
"4226",NA,3
"4227",NA,3
"4228",NA,3
"4229",NA,6
"4230",NA,6
"4231",NA,3
"4232",NA,3
"4233",NA,6
"4234",NA,6
"4235",NA,6
"4236",NA,3
"4237",NA,6
"4238",NA,6
"4239",2009-12-21,3
"4240",2010-05-01,3
"4241",NA,3
"4242",2010-10-01,3
"4243",NA,3
"4244",2010-05-01,3
"4245",2010-05-26,3
"4246",2010-05-30,3
"4247",2010-05-30,3
"4248",2008-12-05,7
"4249",2011-08-08,3
"4250",2010-05-28,4
"4251",2010-05-28,4
"4252",2010-05-28,4
"4253",2011-01-15,3
"4254",2010-05-27,4
"4255",2012-07-01,6
"4256",2005-10-01,3
"4257",2012-07-01,6
"4258",2011-10-10,7
"4259",2013-06-05,3
"4260",2011-11-07,3
"4261",2010-12-17,3
"4262",2010-12-17,3
"4263",2010-11-15,3
"4264",2011-04-03,2
"4265",2013-06-05,3
"4266",2013-06-05,3
"4267",2013-06-05,3
"4268",NA,3
"4269",NA,3
"4270",NA,3
"4271",2011-11-21,6
"4272",2011-10-12,6
"4273",2011-09-01,3
"4274",2011-10-12,6
"4275",2012-12-29,3
"4276",2011-10-12,6
"4277",NA,3
"4278",NA,3
"4279",NA,3
"4280",NA,3
"4281",NA,3
"4282",NA,3
"4283",NA,3
"4284",2010-10-25,3
"4285",NA,3
"4286",NA,3
"4287",NA,3
"4288",NA,3
"4289",NA,3
"4290",NA,3
"4291",NA,3
"4292",NA,3
"4293",NA,3
"4294",NA,3
"4295",NA,3
"4296",NA,3
"4297",NA,3
"4298",NA,3
"4299",NA,3
"4300",NA,3
"4301",NA,3
"4302",NA,3
"4303",NA,3
"4304",NA,3
"4305",NA,3
"4306",2011-10-24,3
"4307",NA,3
"4308",2011-12-09,3
"4309",2012-12-07,1
"4310",2012-04-09,3
"4311",2011-10-16,3
"4312",2013-10-15,6
"4313",2011-12-30,3
"4314",2014-01-01,2
"4315",2013-06-05,3
